"../../../Engine/Plugins/Interchange/Runtime/Content/Pipelines/DefaultTexturePipeline.uasset" 0
"../../../Engine/Plugins/Interchange/Runtime/Content/Pipelines/DefaultTexturePipeline.uexp" 1
"../../../Engine/Plugins/Interchange/Runtime/Content/Pipelines/DefaultSceneLevelPipeline.uasset" 2
"../../../Engine/Plugins/Interchange/Runtime/Content/Pipelines/DefaultSceneLevelPipeline.uexp" 3
"../../../Engine/Plugins/Interchange/Runtime/Content/Pipelines/DefaultSceneAssetsPipeline.uasset" 4
"../../../Engine/Plugins/Interchange/Runtime/Content/Pipelines/DefaultSceneAssetsPipeline.uexp" 5
"../../../Engine/Plugins/Interchange/Runtime/Content/Pipelines/DefaultMaterialXPipeline.uasset" 6
"../../../Engine/Plugins/Interchange/Runtime/Content/Pipelines/DefaultMaterialXPipeline.uexp" 7
"../../../Engine/Plugins/Interchange/Runtime/Content/Pipelines/DefaultMaterialPipeline.uasset" 8
"../../../Engine/Plugins/Interchange/Runtime/Content/Pipelines/DefaultMaterialPipeline.uexp" 9
"../../../Engine/Plugins/Interchange/Runtime/Content/Pipelines/DefaultGLTFSceneAssetsPipeline.uasset" 10
"../../../Engine/Plugins/Interchange/Runtime/Content/Pipelines/DefaultGLTFSceneAssetsPipeline.uexp" 11
"../../../Engine/Plugins/Interchange/Runtime/Content/Pipelines/DefaultGLTFPipeline.uasset" 12
"../../../Engine/Plugins/Interchange/Runtime/Content/Pipelines/DefaultGLTFPipeline.uexp" 13
"../../../Engine/Plugins/Interchange/Runtime/Content/Pipelines/DefaultGLTFAssetsPipeline.uasset" 14
"../../../Engine/Plugins/Interchange/Runtime/Content/Pipelines/DefaultGLTFAssetsPipeline.uexp" 15
"../../../Engine/Plugins/Interchange/Runtime/Content/Pipelines/DefaultAssetsPipeline.uasset" 16
"../../../Engine/Plugins/Interchange/Runtime/Content/Pipelines/DefaultAssetsPipeline.uexp" 17
"../../../Engine/Plugins/Animation/ControlRig/Content/Controls/DefaultGizmoLibraryNormalized.uasset" 18
"../../../Engine/Plugins/Animation/ControlRig/Content/Controls/DefaultGizmoLibraryNormalized.uexp" 19
"../../../Engine/Plugins/2D/Paper2D/Content/PlaceholderTextures/DummySpriteTexture.uasset" 20
"../../../Engine/Plugins/2D/Paper2D/Content/PlaceholderTextures/DummySpriteTexture.ubulk" 21
"../../../Engine/Plugins/2D/Paper2D/Content/PlaceholderTextures/DummySpriteTexture.uexp" 22
"../../../Engine/Plugins/2D/Paper2D/Content/DummySprite.uasset" 23
"../../../Engine/Plugins/2D/Paper2D/Content/DummySprite.uexp" 24
"../../../Engine/Plugins/2D/Paper2D/Content/DefaultPaperTerrainMaterial.uasset" 25
"../../../Engine/Plugins/2D/Paper2D/Content/DefaultPaperTerrainMaterial.uexp" 26
"../../../Engine/Content/EngineSounds/Master.uasset" 27
"../../../Engine/Content/EngineSounds/Master.uexp" 28
"../../../Engine/Content/EngineMaterials/DefaultPhysicalMaterial.uasset" 29
"../../../Engine/Content/EngineMaterials/DefaultPhysicalMaterial.uexp" 30
"../../../Engine/Content/EngineMaterials/DefaultDestructiblePhysicalMaterial.uasset" 31
"../../../Engine/Content/EngineMaterials/DefaultDestructiblePhysicalMaterial.uexp" 32
"../../../Engine/Content/EngineFonts/Faces/RobotoLight.uasset" 33
"../../../Engine/Content/EngineFonts/Faces/RobotoLight.ufont" 34
"../../../Engine/Content/EngineFonts/Faces/RobotoLight.uexp" 35
"../../../Engine/Content/EngineFonts/Faces/RobotoBold.uasset" 36
"../../../Engine/Content/EngineFonts/Faces/RobotoBold.ufont" 37
"../../../Engine/Content/EngineFonts/Faces/RobotoBold.uexp" 38
"../../../Engine/Content/EngineFonts/Faces/RobotoRegular.uasset" 39
"../../../Engine/Content/EngineFonts/Faces/RobotoRegular.ufont" 40
"../../../Engine/Content/EngineFonts/Faces/RobotoRegular.uexp" 41
"../../../Engine/Content/EngineFonts/Faces/DroidSansFallback.uasset" 42
"../../../Engine/Content/EngineFonts/Faces/DroidSansFallback.ufont" 43
"../../../Engine/Content/EngineFonts/Faces/DroidSansFallback.uexp" 44
"../../../Engine/Content/EngineFonts/Faces/RobotoItalic.uasset" 45
"../../../Engine/Content/EngineFonts/Faces/RobotoItalic.ufont" 46
"../../../Engine/Content/EngineFonts/Faces/RobotoItalic.uexp" 47
"../../../Engine/Content/EngineFonts/Faces/RobotoBoldItalic.uasset" 48
"../../../Engine/Content/EngineFonts/Faces/RobotoBoldItalic.ufont" 49
"../../../Engine/Content/EngineFonts/Faces/RobotoBoldItalic.uexp" 50
"../../../Engine/Content/EngineFonts/Roboto.uasset" 51
"../../../Engine/Content/EngineFonts/Roboto.uexp" 52
"../../../Engine/Content/Animation/DefaultRecorderBoneCompression.uasset" 53
"../../../Engine/Content/Animation/DefaultRecorderBoneCompression.uexp" 54
"../../../Engine/Content/MobileResources/HUD/VirtualJoystick_Background.uasset" 55
"../../../Engine/Content/MobileResources/HUD/VirtualJoystick_Background.uexp" 56
"../../../Engine/Content/MobileResources/HUD/VirtualJoystick_Thumb.uasset" 57
"../../../Engine/Content/MobileResources/HUD/VirtualJoystick_Thumb.uexp" 58
"../../../Engine/Content/MobileResources/HUD/DefaultVirtualJoysticks.uasset" 59
"../../../Engine/Content/MobileResources/HUD/DefaultVirtualJoysticks.uexp" 60
"../../../Engine/Content/EditorResources/S_Actor.uasset" 61
"../../../Engine/Content/EditorResources/S_Actor.ubulk" 62
"../../../Engine/Content/EditorResources/S_Actor.uexp" 63
"../../../Engine/Plugins/Runtime/AudioWidgets/Content/Resources/ScrubHandleDown_Clamped.uasset" 64
"../../../Engine/Plugins/Runtime/AudioWidgets/Content/Resources/ScrubHandleDown_Clamped.uexp" 65
"../../../Engine/Content/EngineResources/GradientTexture0.uasset" 66
"../../../Engine/Content/EngineResources/GradientTexture0.uexp" 67
"../../../Engine/Content/EngineResources/DefaultTexture.uasset" 68
"../../../Engine/Content/EngineResources/DefaultTexture.ubulk" 69
"../../../Engine/Content/EngineResources/DefaultTexture.uexp" 70
"../../../Engine/Content/EngineResources/Black.uasset" 71
"../../../Engine/Content/EngineResources/Black.uexp" 72
"../../../Engine/Content/EngineMaterials/PreintegratedSkinBRDF.uasset" 73
"../../../Engine/Content/EngineMaterials/PreintegratedSkinBRDF.uexp" 74
"../../../Engine/Content/EngineMaterials/MiniFont.uasset" 75
"../../../Engine/Content/EngineMaterials/MiniFont.uexp" 76
"../../../Engine/Content/EngineMaterials/FastBlueNoise_vec2_128x128x64.uasset" 77
"../../../Engine/Content/EngineMaterials/FastBlueNoise_vec2_128x128x64.uexp" 78
"../../../Engine/Content/EngineMaterials/FastBlueNoise_scalar_128x128x64.uasset" 79
"../../../Engine/Content/EngineMaterials/FastBlueNoise_scalar_128x128x64.uexp" 80
"../../../Engine/Content/EngineMaterials/DefaultWhiteGrid.uasset" 81
"../../../Engine/Content/EngineMaterials/DefaultWhiteGrid.ubulk" 82
"../../../Engine/Content/EngineMaterials/DefaultWhiteGrid.uexp" 83
"../../../Engine/Content/EngineMaterials/DefaultBokeh.uasset" 84
"../../../Engine/Content/EngineMaterials/DefaultBokeh.uexp" 85
"../../../Engine/Content/EngineMaterials/DefaultBloomKernel.uasset" 86
"../../../Engine/Content/EngineMaterials/DefaultBloomKernel.uexp" 87
"../../../Engine/Content/EngineDamageTypes/DmgTypeBP_Environmental.uasset" 88
"../../../Engine/Content/EngineDamageTypes/DmgTypeBP_Environmental.uexp" 89
"../../../Engine/Content/EditorResources/S_TriggerSphere.uasset" 90
"../../../Engine/Content/EditorResources/S_TriggerSphere.uexp" 91
"../../../Engine/Content/EditorResources/S_TriggerCapsule.uasset" 92
"../../../Engine/Content/EditorResources/S_TriggerCapsule.uexp" 93
"../../../Engine/Content/EditorResources/S_TriggerBox.uasset" 94
"../../../Engine/Content/EditorResources/S_TriggerBox.uexp" 95
"../../../Engine/Content/EditorResources/S_Trigger.uasset" 96
"../../../Engine/Content/EditorResources/S_Trigger.ubulk" 97
"../../../Engine/Content/EditorResources/S_Trigger.uexp" 98
"../../../Engine/Content/EditorResources/S_Terrain.uasset" 99
"../../../Engine/Content/EditorResources/S_Terrain.ubulk" 100
"../../../Engine/Content/EditorResources/S_Terrain.uexp" 101
"../../../Engine/Content/EditorResources/S_Solver.uasset" 102
"../../../Engine/Content/EditorResources/S_Solver.ubulk" 103
"../../../Engine/Content/EditorResources/S_Solver.uexp" 104
"../../../Engine/Content/EditorResources/S_BoxReflectionCapture.uasset" 105
"../../../Engine/Content/EditorResources/S_BoxReflectionCapture.uexp" 106
"../../../Engine/Content/EditorResources/EmptyActor.uasset" 107
"../../../Engine/Content/EditorResources/EmptyActor.uexp" 108
"../../../Engine/Content/EditorResources/BSPVertex.uasset" 109
"../../../Engine/Content/EditorResources/BSPVertex.uexp" 110
"../../../Engine/Content/EditorLandscapeResources/DefaultAlphaTexture.uasset" 111
"../../../Engine/Content/EditorLandscapeResources/DefaultAlphaTexture.uexp" 112
"../../../Engine/Content/EngineResources/FilmGrains/Marcie_Grain_v3_128_M2_000.uasset" 113
"../../../Engine/Content/EngineResources/FilmGrains/Marcie_Grain_v3_128_M2_000.uexp" 114
"../../../Engine/Content/EngineMaterials/LTC/Sheen_LTC.uasset" 115
"../../../Engine/Content/EngineMaterials/LTC/Sheen_LTC.uexp" 116
"../../../Engine/Content/EngineMaterials/LTC/GGX_LTCMat.uasset" 117
"../../../Engine/Content/EngineMaterials/LTC/GGX_LTCMat.uexp" 118
"../../../Engine/Content/EngineMaterials/LTC/GGX_LTCAmp.uasset" 119
"../../../Engine/Content/EngineMaterials/LTC/GGX_LTCAmp.uexp" 120
"../../../Engine/Content/EngineMaterials/EnergyConservation/Sheen_Energy.uasset" 121
"../../../Engine/Content/EngineMaterials/EnergyConservation/Sheen_Energy.uexp" 122
"../../../Engine/Content/EngineMaterials/EnergyConservation/SheenLegacy_Energy.uasset" 123
"../../../Engine/Content/EngineMaterials/EnergyConservation/SheenLegacy_Energy.uexp" 124
"../../../Engine/Content/EngineMaterials/EnergyConservation/GGX_TransmissionEnergyArray.uasset" 125
"../../../Engine/Content/EngineMaterials/EnergyConservation/GGX_TransmissionEnergyArray.uexp" 126
"../../../Engine/Content/EngineMaterials/EnergyConservation/GGX_ReflectionEnergy.uasset" 127
"../../../Engine/Content/EngineMaterials/EnergyConservation/GGX_ReflectionEnergy.uexp" 128
"../../../Engine/Content/EngineMaterials/EnergyConservation/Diffuse_Energy.uasset" 129
"../../../Engine/Content/EngineMaterials/EnergyConservation/Diffuse_Energy.uexp" 130
"../../../Engine/Content/EditorResources/SequenceRecorder/RecordingIndicator.uasset" 131
"../../../Engine/Content/EditorResources/SequenceRecorder/RecordingIndicator.uexp" 132
"../../../Engine/Content/EditorResources/SequenceRecorder/Countdown.uasset" 133
"../../../Engine/Content/EditorResources/SequenceRecorder/Countdown.uexp" 134
"../../../Engine/Content/EditorMaterials/ParticleSystems/PSysThumbnail_OOD.uasset" 135
"../../../Engine/Content/EditorMaterials/ParticleSystems/PSysThumbnail_OOD.ubulk" 136
"../../../Engine/Content/EditorMaterials/ParticleSystems/PSysThumbnail_OOD.uexp" 137
"../../../Engine/Content/EditorMaterials/ParticleSystems/PSysThumbnail_NoImage.uasset" 138
"../../../Engine/Content/EditorMaterials/ParticleSystems/PSysThumbnail_NoImage.ubulk" 139
"../../../Engine/Content/EditorMaterials/ParticleSystems/PSysThumbnail_NoImage.uexp" 140
"../../../Engine/Content/EngineResources/DefaultTextureCube.uasset" 141
"../../../Engine/Content/EngineResources/DefaultTextureCube.uexp" 142
"../../../Engine/Content/EngineResources/DefaultVolumeTexture2D.uasset" 143
"../../../Engine/Content/EngineResources/DefaultVolumeTexture2D.uexp" 144
"../../../Engine/Content/EngineResources/DefaultVolumeTexture.uasset" 145
"../../../Engine/Content/EngineResources/DefaultVolumeTexture.uexp" 146
"../../../Engine/Content/EngineMaterials/Substrate/Volume/SubstrateSimpleVolumeEnvLUT3D.uasset" 147
"../../../Engine/Content/EngineMaterials/Substrate/Volume/SubstrateSimpleVolumeEnvLUT3D.uexp" 148
"../../../Engine/Content/EngineMaterials/Substrate/Volume/SubstrateSimpleVolumeLUT3D.uasset" 149
"../../../Engine/Content/EngineMaterials/Substrate/Volume/SubstrateSimpleVolumeLUT3D.uexp" 150
"../../../Engine/Content/Functions/Engine_MaterialFunctions01/Shading/ConvertFromDiffSpec.uasset" 151
"../../../Engine/Content/Functions/Engine_MaterialFunctions01/Shading/ConvertFromDiffSpec.uexp" 152
"../../../Engine/Content/Functions/Engine_MaterialFunctions01/Shading/PowerToRoughness.uasset" 153
"../../../Engine/Content/Functions/Engine_MaterialFunctions01/Shading/PowerToRoughness.uexp" 154
"../../../Engine/Plugins/Interchange/Assets/Content/Functions/MX_AbsorptionVDF.uasset" 155
"../../../Engine/Plugins/Interchange/Assets/Content/Functions/MX_AbsorptionVDF.uexp" 156
"../../../Engine/Plugins/Interchange/Assets/Content/Functions/MX_AnisotropicVDF.uasset" 157
"../../../Engine/Plugins/Interchange/Assets/Content/Functions/MX_AnisotropicVDF.uexp" 158
"../../../Engine/Plugins/Interchange/Assets/Content/Functions/MX_BurleyDiffuseBSDF.uasset" 159
"../../../Engine/Plugins/Interchange/Assets/Content/Functions/MX_BurleyDiffuseBSDF.uexp" 160
"../../../Engine/Plugins/Interchange/Assets/Content/Functions/MX_ConductorBSDF.uasset" 161
"../../../Engine/Plugins/Interchange/Assets/Content/Functions/MX_ConductorBSDF.uexp" 162
"../../../Engine/Plugins/Interchange/Assets/Content/Functions/MX_ConicalEDF.uasset" 163
"../../../Engine/Plugins/Interchange/Assets/Content/Functions/MX_ConicalEDF.uexp" 164
"../../../Engine/Plugins/Interchange/Assets/Content/Functions/MX_DielectricBSDF.uasset" 165
"../../../Engine/Plugins/Interchange/Assets/Content/Functions/MX_DielectricBSDF.uexp" 166
"../../../Engine/Plugins/Interchange/Assets/Content/Functions/MX_GeneralizedSchlickBSDF.uasset" 167
"../../../Engine/Plugins/Interchange/Assets/Content/Functions/MX_GeneralizedSchlickBSDF.uexp" 168
"../../../Engine/Plugins/Interchange/Assets/Content/Functions/MX_MeasuredEDF.uasset" 169
"../../../Engine/Plugins/Interchange/Assets/Content/Functions/MX_MeasuredEDF.uexp" 170
"../../../Engine/Plugins/Interchange/Assets/Content/Utilities/New_LUT.uasset" 171
"../../../Engine/Plugins/Interchange/Assets/Content/Utilities/New_LUT.uexp" 172
"../../../Engine/Content/Functions/Engine_MaterialFunctions03/Math/RemapValueRange.uasset" 173
"../../../Engine/Content/Functions/Engine_MaterialFunctions03/Math/RemapValueRange.uexp" 174
"../../../Engine/Plugins/Interchange/Assets/Content/Functions/MF_Iridescence.uasset" 175
"../../../Engine/Plugins/Interchange/Assets/Content/Functions/MF_Iridescence.uexp" 176
"../../../Engine/Plugins/Interchange/Assets/Content/Functions/MX_StandardSurface.uasset" 177
"../../../Engine/Plugins/Interchange/Assets/Content/Functions/MX_StandardSurface.uexp" 178
"../../../Engine/Plugins/Interchange/Assets/Content/Functions/MX_OpenPBR_Opaque.uasset" 179
"../../../Engine/Plugins/Interchange/Assets/Content/Functions/MX_OpenPBR_Opaque.uexp" 180
"../../../Engine/Plugins/Interchange/Assets/Content/Functions/MX_TransmissionSurface.uasset" 181
"../../../Engine/Plugins/Interchange/Assets/Content/Functions/MX_TransmissionSurface.uexp" 182
"../../../Engine/Plugins/Interchange/Assets/Content/Functions/MX_OpenPBR_Translucent.uasset" 183
"../../../Engine/Plugins/Interchange/Assets/Content/Functions/MX_OpenPBR_Translucent.uexp" 184
"../../../Engine/Plugins/Interchange/Assets/Content/Functions/MX_OrenNayarBSDF.uasset" 185
"../../../Engine/Plugins/Interchange/Assets/Content/Functions/MX_OrenNayarBSDF.uexp" 186
"../../../Engine/Plugins/Interchange/Assets/Content/Functions/MX_SheenBSDF.uasset" 187
"../../../Engine/Plugins/Interchange/Assets/Content/Functions/MX_SheenBSDF.uexp" 188
"../../../Engine/Plugins/Interchange/Assets/Content/Functions/MX_SubsurfaceBSDF.uasset" 189
"../../../Engine/Plugins/Interchange/Assets/Content/Functions/MX_SubsurfaceBSDF.uexp" 190
"../../../Engine/Plugins/Interchange/Assets/Content/Functions/MX_Surface.uasset" 191
"../../../Engine/Plugins/Interchange/Assets/Content/Functions/MX_Surface.uexp" 192
"../../../Engine/Plugins/Interchange/Assets/Content/Functions/MX_SurfaceUnlit.uasset" 193
"../../../Engine/Plugins/Interchange/Assets/Content/Functions/MX_SurfaceUnlit.uexp" 194
"../../../Engine/Plugins/Interchange/Assets/Content/Functions/MX_ThinFilmBSDF.uasset" 195
"../../../Engine/Plugins/Interchange/Assets/Content/Functions/MX_ThinFilmBSDF.uexp" 196
"../../../Engine/Plugins/Interchange/Assets/Content/Functions/MX_TranslucentBSDF.uasset" 197
"../../../Engine/Plugins/Interchange/Assets/Content/Functions/MX_TranslucentBSDF.uexp" 198
"../../../Engine/Plugins/Interchange/Assets/Content/Functions/MX_UniformEDF.uasset" 199
"../../../Engine/Plugins/Interchange/Assets/Content/Functions/MX_UniformEDF.uexp" 200
"../../../Engine/Plugins/Interchange/Assets/Content/Functions/MX_UsdPreviewSurface.uasset" 201
"../../../Engine/Plugins/Interchange/Assets/Content/Functions/MX_UsdPreviewSurface.uexp" 202
"../../../Engine/Plugins/Runtime/HairStrands/Content/Materials/HairCardsDefaultMaterial.uasset" 203
"../../../Engine/Plugins/Runtime/HairStrands/Content/Materials/HairCardsDefaultMaterial.uexp" 204
"../../../Engine/Plugins/Runtime/HairStrands/Content/Materials/HairGroupColors.uasset" 205
"../../../Engine/Plugins/Runtime/HairStrands/Content/Materials/HairGroupColors.uexp" 206
"../../../Engine/Content/Functions/Engine_MaterialFunctions02/Utility/MakeFloat2.uasset" 207
"../../../Engine/Content/Functions/Engine_MaterialFunctions02/Utility/MakeFloat2.uexp" 208
"../../../Engine/Content/Functions/Engine_MaterialFunctions02/Utility/MakeFloat3.uasset" 209
"../../../Engine/Content/Functions/Engine_MaterialFunctions02/Utility/MakeFloat3.uexp" 210
"../../../Engine/Content/EngineMaterials/HairColorMap.uasset" 211
"../../../Engine/Content/EngineMaterials/HairColorMap.uexp" 212
"../../../Engine/Content/EngineMaterials/HairDebugColor.uasset" 213
"../../../Engine/Content/EngineMaterials/HairDebugColor.uexp" 214
"../../../Engine/Plugins/Runtime/HairStrands/Content/Materials/HairDebugMaterial.uasset" 215
"../../../Engine/Plugins/Runtime/HairStrands/Content/Materials/HairDebugMaterial.uexp" 216
"../../../Engine/Plugins/Runtime/HairStrands/Content/Materials/HairDefaultMaterial.uasset" 217
"../../../Engine/Plugins/Runtime/HairStrands/Content/Materials/HairDefaultMaterial.uexp" 218
"../../../Engine/Plugins/Runtime/HairStrands/Content/Materials/HairMeshesDefaultMaterial.uasset" 219
"../../../Engine/Plugins/Runtime/HairStrands/Content/Materials/HairMeshesDefaultMaterial.uexp" 220
"../../../Engine/Plugins/Runtime/MeshModelingToolset/Content/Materials/M_DynamicMeshComponentVtxColor.uasset" 221
"../../../Engine/Plugins/Runtime/MeshModelingToolset/Content/Materials/M_DynamicMeshComponentVtxColor.uexp" 222
"../../../Engine/Plugins/Editor/SpeedTreeImporter/Content/SpeedTree9/game_wind_noise.uasset" 223
"../../../Engine/Plugins/Editor/SpeedTreeImporter/Content/SpeedTree9/game_wind_noise.ubulk" 224
"../../../Engine/Plugins/Editor/SpeedTreeImporter/Content/SpeedTree9/game_wind_noise.uexp" 225
"../../../Engine/Plugins/Editor/SpeedTreeImporter/Content/SpeedTree9/UnpackDirection.uasset" 226
"../../../Engine/Plugins/Editor/SpeedTreeImporter/Content/SpeedTree9/UnpackDirection.uexp" 227
"../../../Engine/Content/Functions/Engine_MaterialFunctions02/ObjectLocalBounds.uasset" 228
"../../../Engine/Content/Functions/Engine_MaterialFunctions02/ObjectLocalBounds.uexp" 229
"../../../Engine/Content/Functions/Engine_MaterialFunctions02/Utility/BreakOutFloat3Components.uasset" 230
"../../../Engine/Content/Functions/Engine_MaterialFunctions02/Utility/BreakOutFloat3Components.uexp" 231
"../../../Engine/Content/Functions/Engine_MaterialFunctions02/UVs/BoundingBoxBased_0-1_UVW.uasset" 232
"../../../Engine/Content/Functions/Engine_MaterialFunctions02/UVs/BoundingBoxBased_0-1_UVW.uexp" 233
"../../../Engine/Content/Functions/Engine_MaterialFunctions02/Utility/VectorLength.uasset" 234
"../../../Engine/Content/Functions/Engine_MaterialFunctions02/Utility/VectorLength.uexp" 235
"../../../Engine/Plugins/Editor/SpeedTreeImporter/Content/SpeedTree9/UnpackInteger3.uasset" 236
"../../../Engine/Plugins/Editor/SpeedTreeImporter/Content/SpeedTree9/UnpackInteger3.uexp" 237
"../../../Engine/Plugins/Editor/SpeedTreeImporter/Content/SpeedTree9/SpeedTreeCameraFacing.uasset" 238
"../../../Engine/Plugins/Editor/SpeedTreeImporter/Content/SpeedTree9/SpeedTreeCameraFacing.uexp" 239
"../../../Engine/Content/Functions/Engine_MaterialFunctions02/WorldPositionOffset/ObjectScale.uasset" 240
"../../../Engine/Content/Functions/Engine_MaterialFunctions02/WorldPositionOffset/ObjectScale.uexp" 241
"../../../Engine/Content/Functions/Engine_MaterialFunctions02/SafeNormalize.uasset" 242
"../../../Engine/Content/Functions/Engine_MaterialFunctions02/SafeNormalize.uexp" 243
"../../../Engine/Plugins/Editor/SpeedTreeImporter/Content/SpeedTree9/SpeedTreeWindMotion.uasset" 244
"../../../Engine/Plugins/Editor/SpeedTreeImporter/Content/SpeedTree9/SpeedTreeWindMotion.uexp" 245
"../../../Engine/Plugins/Editor/SpeedTreeImporter/Content/SpeedTree9/SpeedTreeBranchMotion.uasset" 246
"../../../Engine/Plugins/Editor/SpeedTreeImporter/Content/SpeedTree9/SpeedTreeBranchMotion.uexp" 247
"../../../Engine/Plugins/Editor/SpeedTreeImporter/Content/SpeedTree9/SpeedTreeWind.uasset" 248
"../../../Engine/Plugins/Editor/SpeedTreeImporter/Content/SpeedTree9/SpeedTreeWind.uexp" 249
"../../../Engine/Plugins/Editor/SpeedTreeImporter/Content/SpeedTree9/EmptyNormal.uasset" 250
"../../../Engine/Plugins/Editor/SpeedTreeImporter/Content/SpeedTree9/EmptyNormal.uexp" 251
"../../../Engine/Plugins/Editor/SpeedTreeImporter/Content/SpeedTree9/Empty.uasset" 252
"../../../Engine/Plugins/Editor/SpeedTreeImporter/Content/SpeedTree9/Empty.uexp" 253
"../../../Engine/Plugins/Editor/SpeedTreeImporter/Content/SpeedTree9/SpeedTreeMaster.uasset" 254
"../../../Engine/Plugins/Editor/SpeedTreeImporter/Content/SpeedTree9/SpeedTreeMaster.uexp" 255
"../../../Engine/Plugins/Editor/SpeedTreeImporter/Content/SpeedTree9/SpeedTreeBillboard.uasset" 256
"../../../Engine/Plugins/Editor/SpeedTreeImporter/Content/SpeedTree9/SpeedTreeBillboard.uexp" 257
"../../../Engine/Plugins/Editor/SpeedTreeImporter/Content/SpeedTree9/SpeedTreeBillboardMaster.uasset" 258
"../../../Engine/Plugins/Editor/SpeedTreeImporter/Content/SpeedTree9/SpeedTreeBillboardMaster.uexp" 259
"../../../Engine/Content/Functions/Engine_MaterialFunctions02/WorldPositionOffset/CameraOffset.uasset" 260
"../../../Engine/Content/Functions/Engine_MaterialFunctions02/WorldPositionOffset/CameraOffset.uexp" 261
"../../../Engine/Plugins/Animation/ControlRig/Content/M_Manip.uasset" 262
"../../../Engine/Plugins/Animation/ControlRig/Content/M_Manip.uexp" 263
"../../../Engine/Plugins/Animation/ControlRig/Content/Controls/ControlRigXRayMaterial.uasset" 264
"../../../Engine/Plugins/Animation/ControlRig/Content/Controls/ControlRigXRayMaterial.uexp" 265
"../../../Engine/Plugins/Animation/ControlRig/Content/Controls/ControlRigGizmoMaterial.uasset" 266
"../../../Engine/Plugins/Animation/ControlRig/Content/Controls/ControlRigGizmoMaterial.uexp" 267
"../../../Engine/Content/EngineMaterials/RemoveSurfaceMaterial.uasset" 268
"../../../Engine/Content/EngineMaterials/RemoveSurfaceMaterial.uexp" 269
"../../../Engine/Content/EngineMaterials/DefaultCalibrationGrayscale.uasset" 270
"../../../Engine/Content/EngineMaterials/DefaultCalibrationGrayscale.uexp" 271
"../../../Engine/Content/EngineMaterials/PPM_DefaultCalibrationGrayscale.uasset" 272
"../../../Engine/Content/EngineMaterials/PPM_DefaultCalibrationGrayscale.uexp" 273
"../../../Engine/Content/EngineMaterials/DefaultCalibrationColor.uasset" 274
"../../../Engine/Content/EngineMaterials/DefaultCalibrationColor.uexp" 275
"../../../Engine/Content/EngineMaterials/PPM_DefaultCalibrationColor.uasset" 276
"../../../Engine/Content/EngineMaterials/PPM_DefaultCalibrationColor.uexp" 277
"../../../Engine/Content/EngineMaterials/PhAT_JointLimitMaterial.uasset" 278
"../../../Engine/Content/EngineMaterials/PhAT_JointLimitMaterial.uexp" 279
"../../../Engine/Content/EngineMaterials/NaniteHiddenSectionMaterial.uasset" 280
"../../../Engine/Content/EngineMaterials/NaniteHiddenSectionMaterial.uexp" 281
"../../../Engine/Content/EngineMaterials/InvalidLightmapSettings.uasset" 282
"../../../Engine/Content/EngineMaterials/InvalidLightmapSettings.ubulk" 283
"../../../Engine/Content/EngineMaterials/InvalidLightmapSettings.uexp" 284
"../../../Engine/Content/EngineMaterials/M_InvalidLightmapSettings.uasset" 285
"../../../Engine/Content/EngineMaterials/M_InvalidLightmapSettings.uexp" 286
"../../../Engine/Content/EngineMaterials/GizmoMaterial.uasset" 287
"../../../Engine/Content/EngineMaterials/GizmoMaterial.uexp" 288
"../../../Engine/Content/EngineMaterials/BaseFlattenEmissiveMap_VT.uasset" 289
"../../../Engine/Content/EngineMaterials/BaseFlattenEmissiveMap_VT.uexp" 290
"../../../Engine/Content/EngineMaterials/BaseFlattenGrayscaleMap_VT.uasset" 291
"../../../Engine/Content/EngineMaterials/BaseFlattenGrayscaleMap_VT.uexp" 292
"../../../Engine/Content/EngineMaterials/BaseFlattenLinearColor_VT.uasset" 293
"../../../Engine/Content/EngineMaterials/BaseFlattenLinearColor_VT.uexp" 294
"../../../Engine/Content/EngineMaterials/Black_1x1_EXR_Texture_VT.uasset" 295
"../../../Engine/Content/EngineMaterials/Black_1x1_EXR_Texture_VT.uexp" 296
"../../../Engine/Content/EngineMaterials/BaseFlattenDiffuseMap_VT.uasset" 297
"../../../Engine/Content/EngineMaterials/BaseFlattenDiffuseMap_VT.uexp" 298
"../../../Engine/Content/EngineMaterials/BaseFlattenNormalMap_VT.uasset" 299
"../../../Engine/Content/EngineMaterials/BaseFlattenNormalMap_VT.uexp" 300
"../../../Engine/Content/EngineMaterials/FlattenMaterial_WS_Normal_VT.uasset" 301
"../../../Engine/Content/EngineMaterials/FlattenMaterial_WS_Normal_VT.uexp" 302
"../../../Engine/Content/EngineMaterials/FlattenMaterial_VT.uasset" 303
"../../../Engine/Content/EngineMaterials/FlattenMaterial_VT.uexp" 304
"../../../Engine/Content/EngineMaterials/BaseFlattenNormalMap.uasset" 305
"../../../Engine/Content/EngineMaterials/BaseFlattenNormalMap.uexp" 306
"../../../Engine/Content/EngineMaterials/BaseFlattenGrayscaleMap.uasset" 307
"../../../Engine/Content/EngineMaterials/BaseFlattenGrayscaleMap.uexp" 308
"../../../Engine/Content/EngineMaterials/BaseFlattenDiffuseMap.uasset" 309
"../../../Engine/Content/EngineMaterials/BaseFlattenDiffuseMap.uexp" 310
"../../../Engine/Content/Functions/Engine_MaterialFunctions02/PivotPainter2/Black_1x1_EXR_Texture.uasset" 311
"../../../Engine/Content/Functions/Engine_MaterialFunctions02/PivotPainter2/Black_1x1_EXR_Texture.uexp" 312
"../../../Engine/Content/EngineMaterials/BaseFlattenEmissiveMap.uasset" 313
"../../../Engine/Content/EngineMaterials/BaseFlattenEmissiveMap.uexp" 314
"../../../Engine/Content/EngineMaterials/BaseFlattenLinearColor.uasset" 315
"../../../Engine/Content/EngineMaterials/BaseFlattenLinearColor.uexp" 316
"../../../Engine/Content/EngineMaterials/FlattenMaterial.uasset" 317
"../../../Engine/Content/EngineMaterials/FlattenMaterial.uexp" 318
"../../../Engine/Content/EngineMaterials/DefaultWhiteGrid_Low.uasset" 319
"../../../Engine/Content/EngineMaterials/DefaultWhiteGrid_Low.uexp" 320
"../../../Engine/Content/EngineMaterials/EmissiveMeshMaterial.uasset" 321
"../../../Engine/Content/EngineMaterials/EmissiveMeshMaterial.uexp" 322
"../../../Engine/Content/EngineFonts/RobotoDistanceField.uasset" 323
"../../../Engine/Content/EngineFonts/RobotoDistanceField.uexp" 324
"../../../Engine/Content/EngineMaterials/DefaultTextMaterialOpaque.uasset" 325
"../../../Engine/Content/EngineMaterials/DefaultTextMaterialOpaque.uexp" 326
"../../../Engine/Content/EngineMaterials/DefaultDiffuse.uasset" 327
"../../../Engine/Content/EngineMaterials/DefaultDiffuse.ubulk" 328
"../../../Engine/Content/EngineMaterials/DefaultDiffuse.uexp" 329
"../../../Engine/Content/Functions/Engine_MaterialFunctions02/Utility/BreakOutFloat2Components.uasset" 330
"../../../Engine/Content/Functions/Engine_MaterialFunctions02/Utility/BreakOutFloat2Components.uexp" 331
"../../../Engine/Content/EngineMaterials/DefaultPostProcessMaterial.uasset" 332
"../../../Engine/Content/EngineMaterials/DefaultPostProcessMaterial.uexp" 333
"../../../Engine/Content/EngineMaterials/DefaultLightFunctionMaterial.uasset" 334
"../../../Engine/Content/EngineMaterials/DefaultLightFunctionMaterial.uexp" 335
"../../../Engine/Content/EngineMaterials/DefaultDeferredDecalMaterial.uasset" 336
"../../../Engine/Content/EngineMaterials/DefaultDeferredDecalMaterial.uexp" 337
"../../../Engine/Content/Functions/Engine_MaterialFunctions02/Utility/CameraDirectionVector.uasset" 338
"../../../Engine/Content/Functions/Engine_MaterialFunctions02/Utility/CameraDirectionVector.uexp" 339
"../../../Engine/Content/EngineDebugMaterials/VolumeToRender.uasset" 340
"../../../Engine/Content/EngineDebugMaterials/VolumeToRender.uexp" 341
"../../../Engine/Content/EngineDebugMaterials/M_VolumeRenderSphereTracePP.uasset" 342
"../../../Engine/Content/EngineDebugMaterials/M_VolumeRenderSphereTracePP.uexp" 343
"../../../Engine/Content/EngineDebugMaterials/M_SimpleUnlitTranslucent.uasset" 344
"../../../Engine/Content/EngineDebugMaterials/M_SimpleUnlitTranslucent.uexp" 345
"../../../Engine/Content/EngineDebugMaterials/DebugMeshMaterial.uasset" 346
"../../../Engine/Content/EngineDebugMaterials/DebugMeshMaterial.uexp" 347
"../../../Engine/Content/EngineDebugMaterials/DebugEditorMaterial.uasset" 348
"../../../Engine/Content/EngineDebugMaterials/DebugEditorMaterial.uexp" 349
"../../../Engine/Content/EditorMaterials/PreviewShadowIndicator.uasset" 350
"../../../Engine/Content/EditorMaterials/PreviewShadowIndicator.ubulk" 351
"../../../Engine/Content/EditorMaterials/PreviewShadowIndicator.uexp" 352
"../../../Engine/Content/EditorMaterials/PreviewShadowIndicatorMaterial.uasset" 353
"../../../Engine/Content/EditorMaterials/PreviewShadowIndicatorMaterial.uexp" 354
"../../../Engine/Content/EditorMaterials/PhAT_UnselectedMaterial.uasset" 355
"../../../Engine/Content/EditorMaterials/PhAT_UnselectedMaterial.uexp" 356
"../../../Engine/Content/EditorMaterials/PhAT_NoCollisionMaterial.uasset" 357
"../../../Engine/Content/EditorMaterials/PhAT_NoCollisionMaterial.uexp" 358
"../../../Engine/Content/BasicShapes/BasicShapeMaterial.uasset" 359
"../../../Engine/Content/BasicShapes/BasicShapeMaterial.uexp" 360
"../../../Engine/Content/EditorMaterials/Dataflow/DataflowVertexMaterial.uasset" 361
"../../../Engine/Content/EditorMaterials/Dataflow/DataflowVertexMaterial.uexp" 362
"../../../Engine/Content/EditorMaterials/Dataflow/DataflowTwoSidedVertexMaterial.uasset" 363
"../../../Engine/Content/EditorMaterials/Dataflow/DataflowTwoSidedVertexMaterial.uexp" 364
"../../../Engine/Content/EngineMeshes/Sphere.uasset" 365
"../../../Engine/Content/EngineMeshes/Sphere.ubulk" 366
"../../../Engine/Content/EngineMeshes/Sphere.uexp" 367
"../../../Engine/Content/Functions/Engine_MaterialFunctions02/Texturing/CustomRotator.uasset" 368
"../../../Engine/Content/Functions/Engine_MaterialFunctions02/Texturing/CustomRotator.uexp" 369
"../../../Engine/Content/Functions/Engine_MaterialFunctions01/Texturing/ScaleUVsByCenter.uasset" 370
"../../../Engine/Content/Functions/Engine_MaterialFunctions01/Texturing/ScaleUVsByCenter.uexp" 371
"../../../Engine/Plugins/Runtime/AudioWidgets/Content/AudioMaterialSlate/Functions/MF_SingleLine_Smooth.uasset" 372
"../../../Engine/Plugins/Runtime/AudioWidgets/Content/AudioMaterialSlate/Functions/MF_SingleLine_Smooth.uexp" 373
"../../../Engine/Plugins/Runtime/AudioWidgets/Content/AudioMaterialSlate/Functions/MF_AngleGradient.uasset" 374
"../../../Engine/Plugins/Runtime/AudioWidgets/Content/AudioMaterialSlate/Functions/MF_AngleGradient.uexp" 375
"../../../Engine/Plugins/Runtime/AudioWidgets/Content/AudioMaterialSlate/Functions/MF_SingleLine.uasset" 376
"../../../Engine/Plugins/Runtime/AudioWidgets/Content/AudioMaterialSlate/Functions/MF_SingleLine.uexp" 377
"../../../Engine/Content/Functions/Engine_MaterialFunctions01/Gradient/SphereGradient-2D.uasset" 378
"../../../Engine/Content/Functions/Engine_MaterialFunctions01/Gradient/SphereGradient-2D.uexp" 379
"../../../Engine/Plugins/Runtime/AudioWidgets/Content/AudioMaterialSlate/M_AudioMaterialToggleButton.uasset" 380
"../../../Engine/Plugins/Runtime/AudioWidgets/Content/AudioMaterialSlate/M_AudioMaterialToggleButton.uexp" 381
"../../../Engine/Plugins/Runtime/AudioWidgets/Content/AudioMaterialSlate/MI_AudioMaterialToggleButton.uasset" 382
"../../../Engine/Plugins/Runtime/AudioWidgets/Content/AudioMaterialSlate/MI_AudioMaterialToggleButton.uexp" 383
"../../../Engine/Content/Functions/Engine_MaterialFunctions01/Gradient/GeneratedRoundRect.uasset" 384
"../../../Engine/Content/Functions/Engine_MaterialFunctions01/Gradient/GeneratedRoundRect.uexp" 385
"../../../Engine/Plugins/Runtime/AudioWidgets/Content/AudioMaterialSlate/M_AudioMaterialRoundedSlider.uasset" 386
"../../../Engine/Plugins/Runtime/AudioWidgets/Content/AudioMaterialSlate/M_AudioMaterialRoundedSlider.uexp" 387
"../../../Engine/Plugins/Runtime/AudioWidgets/Content/AudioMaterialSlate/MI_AudioMaterialRoundedSlider.uasset" 388
"../../../Engine/Plugins/Runtime/AudioWidgets/Content/AudioMaterialSlate/MI_AudioMaterialRoundedSlider.uexp" 389
"../../../Engine/Plugins/Runtime/AudioWidgets/Content/AudioMaterialSlate/Functions/MF_Lines.uasset" 390
"../../../Engine/Plugins/Runtime/AudioWidgets/Content/AudioMaterialSlate/Functions/MF_Lines.uexp" 391
"../../../Engine/Content/Functions/Engine_MaterialFunctions02/Lerp_3Color.uasset" 392
"../../../Engine/Content/Functions/Engine_MaterialFunctions02/Lerp_3Color.uexp" 393
"../../../Engine/Plugins/Runtime/AudioWidgets/Content/AudioMaterialSlate/M_AudioMaterialMeter.uasset" 394
"../../../Engine/Plugins/Runtime/AudioWidgets/Content/AudioMaterialSlate/M_AudioMaterialMeter.uexp" 395
"../../../Engine/Plugins/Runtime/AudioWidgets/Content/AudioMaterialSlate/MI_AudioMaterialMeter.uasset" 396
"../../../Engine/Plugins/Runtime/AudioWidgets/Content/AudioMaterialSlate/MI_AudioMaterialMeter.uexp" 397
"../../../Engine/Plugins/Runtime/AudioWidgets/Content/AudioMaterialSlate/M_AudioMaterialKnob.uasset" 398
"../../../Engine/Plugins/Runtime/AudioWidgets/Content/AudioMaterialSlate/M_AudioMaterialKnob.uexp" 399
"../../../Engine/Plugins/Runtime/AudioWidgets/Content/AudioMaterialSlate/MI_AudioMaterialKnob.uasset" 400
"../../../Engine/Plugins/Runtime/AudioWidgets/Content/AudioMaterialSlate/MI_AudioMaterialKnob.uexp" 401
"../../../Engine/Plugins/Runtime/AudioWidgets/Content/AudioMaterialSlate/Functions/MF_DotOutlined.uasset" 402
"../../../Engine/Plugins/Runtime/AudioWidgets/Content/AudioMaterialSlate/Functions/MF_DotOutlined.uexp" 403
"../../../Engine/Plugins/Runtime/AudioWidgets/Content/AudioMaterialSlate/M_AudioMaterialEnvelope_ADSR.uasset" 404
"../../../Engine/Plugins/Runtime/AudioWidgets/Content/AudioMaterialSlate/M_AudioMaterialEnvelope_ADSR.uexp" 405
"../../../Engine/Plugins/Runtime/AudioWidgets/Content/AudioMaterialSlate/MI_AudioMaterialEnvelope_ADSR.uasset" 406
"../../../Engine/Plugins/Runtime/AudioWidgets/Content/AudioMaterialSlate/MI_AudioMaterialEnvelope_ADSR.uexp" 407
"../../../Engine/Plugins/NNE/NNEDenoiser/Content/NNEDTOM_Output_Default.uasset" 408
"../../../Engine/Plugins/NNE/NNEDenoiser/Content/NNEDTOM_Output_Default.uexp" 409
"../../../Engine/Plugins/NNE/NNEDenoiser/Content/NNEDTOM_Output_Alpha.uasset" 410
"../../../Engine/Plugins/NNE/NNEDenoiser/Content/NNEDTOM_Output_Alpha.uexp" 411
"../../../Engine/Plugins/NNE/NNEDenoiser/Content/NNEDTIM_ColorAlbedoNormal_Default.uasset" 412
"../../../Engine/Plugins/NNE/NNEDenoiser/Content/NNEDTIM_ColorAlbedoNormal_Default.uexp" 413
"../../../Engine/Plugins/NNE/NNEDenoiser/Content/NNEDTIM_ColorAlbedoNormal_Alpha.uasset" 414
"../../../Engine/Plugins/NNE/NNEDenoiser/Content/NNEDTIM_ColorAlbedoNormal_Alpha.uexp" 415
"../../../Engine/Plugins/NNE/NNEDenoiser/Content/NNEDOM_Output_Default.uasset" 416
"../../../Engine/Plugins/NNE/NNEDenoiser/Content/NNEDOM_Output_Default.uexp" 417
"../../../Engine/Plugins/NNE/NNEDenoiser/Content/NNEDOM_Output_Alpha.uasset" 418
"../../../Engine/Plugins/NNE/NNEDenoiser/Content/NNEDOM_Output_Alpha.uexp" 419
"../../../Engine/Plugins/NNE/NNEDenoiser/Content/NNEDIM_HighQuality_Default.uasset" 420
"../../../Engine/Plugins/NNE/NNEDenoiser/Content/NNEDIM_HighQuality_Default.uexp" 421
"../../../Engine/Plugins/NNE/NNEDenoiser/Content/NNEDIM_HighQuality_Alpha.uasset" 422
"../../../Engine/Plugins/NNE/NNEDenoiser/Content/NNEDIM_HighQuality_Alpha.uexp" 423
"../../../Engine/Plugins/NNE/NNEDenoiser/Content/NNEDIM_ColorAlbedoNormal_Default.uasset" 424
"../../../Engine/Plugins/NNE/NNEDenoiser/Content/NNEDIM_ColorAlbedoNormal_Default.uexp" 425
"../../../Engine/Plugins/NNE/NNEDenoiser/Content/NNEDIM_ColorAlbedoNormal_Alpha.uasset" 426
"../../../Engine/Plugins/NNE/NNEDenoiser/Content/NNEDIM_ColorAlbedoNormal_Alpha.uexp" 427
"../../../Engine/Content/EngineMaterials/T_Default_Material_Grid_M.uasset" 428
"../../../Engine/Content/EngineMaterials/T_Default_Material_Grid_M.ubulk" 429
"../../../Engine/Content/EngineMaterials/T_Default_Material_Grid_M.uexp" 430
"../../../Engine/Content/EngineMaterials/T_Default_Material_Grid_N.uasset" 431
"../../../Engine/Content/EngineMaterials/T_Default_Material_Grid_N.ubulk" 432
"../../../Engine/Content/EngineMaterials/T_Default_Material_Grid_N.uexp" 433
"../../../Engine/Content/Functions/Engine_MaterialFunctions01/Opacity/CameraDepthFade.uasset" 434
"../../../Engine/Content/Functions/Engine_MaterialFunctions01/Opacity/CameraDepthFade.uexp" 435
"../../../Engine/Content/EngineMaterials/WorldGridMaterial.uasset" 436
"../../../Engine/Content/EngineMaterials/WorldGridMaterial.uexp" 437
"../../../Engine/Plugins/Media/MediaPlate/Content/SM_MediaPlateScreen.uasset" 438
"../../../Engine/Plugins/Media/MediaPlate/Content/SM_MediaPlateScreen.ubulk" 439
"../../../Engine/Plugins/Media/MediaPlate/Content/SM_MediaPlateScreen.uexp" 440
"../../../Engine/Plugins/Animation/ControlRig/Content/Controls/ControlRig_Wedge_solid.uasset" 441
"../../../Engine/Plugins/Animation/ControlRig/Content/Controls/ControlRig_Wedge_solid.ubulk" 442
"../../../Engine/Plugins/Animation/ControlRig/Content/Controls/ControlRig_Wedge_solid.uexp" 443
"../../../Engine/Plugins/Animation/ControlRig/Content/Controls/ControlRig_Wedge_3mm.uasset" 444
"../../../Engine/Plugins/Animation/ControlRig/Content/Controls/ControlRig_Wedge_3mm.ubulk" 445
"../../../Engine/Plugins/Animation/ControlRig/Content/Controls/ControlRig_Wedge_3mm.uexp" 446
"../../../Engine/Plugins/Animation/ControlRig/Content/Controls/ControlRig_Wedge_1mm.uasset" 447
"../../../Engine/Plugins/Animation/ControlRig/Content/Controls/ControlRig_Wedge_1mm.ubulk" 448
"../../../Engine/Plugins/Animation/ControlRig/Content/Controls/ControlRig_Wedge_1mm.uexp" 449
"../../../Engine/Plugins/Animation/ControlRig/Content/Controls/ControlRig_Triangle_solid.uasset" 450
"../../../Engine/Plugins/Animation/ControlRig/Content/Controls/ControlRig_Triangle_solid.ubulk" 451
"../../../Engine/Plugins/Animation/ControlRig/Content/Controls/ControlRig_Triangle_solid.uexp" 452
"../../../Engine/Plugins/Animation/ControlRig/Content/Controls/ControlRig_Triangle_3mm.uasset" 453
"../../../Engine/Plugins/Animation/ControlRig/Content/Controls/ControlRig_Triangle_3mm.ubulk" 454
"../../../Engine/Plugins/Animation/ControlRig/Content/Controls/ControlRig_Triangle_3mm.uexp" 455
"../../../Engine/Plugins/Animation/ControlRig/Content/Controls/ControlRig_Triangle_1mm.uasset" 456
"../../../Engine/Plugins/Animation/ControlRig/Content/Controls/ControlRig_Triangle_1mm.ubulk" 457
"../../../Engine/Plugins/Animation/ControlRig/Content/Controls/ControlRig_Triangle_1mm.uexp" 458
"../../../Engine/Plugins/Animation/ControlRig/Content/Controls/ControlRig_Star4_solid.uasset" 459
"../../../Engine/Plugins/Animation/ControlRig/Content/Controls/ControlRig_Star4_solid.ubulk" 460
"../../../Engine/Plugins/Animation/ControlRig/Content/Controls/ControlRig_Star4_solid.uexp" 461
"../../../Engine/Plugins/Animation/ControlRig/Content/Controls/ControlRig_Star4_3mm.uasset" 462
"../../../Engine/Plugins/Animation/ControlRig/Content/Controls/ControlRig_Star4_3mm.ubulk" 463
"../../../Engine/Plugins/Animation/ControlRig/Content/Controls/ControlRig_Star4_3mm.uexp" 464
"../../../Engine/Plugins/Animation/ControlRig/Content/Controls/ControlRig_Star4_1mm.uasset" 465
"../../../Engine/Plugins/Animation/ControlRig/Content/Controls/ControlRig_Star4_1mm.ubulk" 466
"../../../Engine/Plugins/Animation/ControlRig/Content/Controls/ControlRig_Star4_1mm.uexp" 467
"../../../Engine/Plugins/Animation/ControlRig/Content/Controls/ControlRig_Square_solid.uasset" 468
"../../../Engine/Plugins/Animation/ControlRig/Content/Controls/ControlRig_Square_solid.ubulk" 469
"../../../Engine/Plugins/Animation/ControlRig/Content/Controls/ControlRig_Square_solid.uexp" 470
"../../../Engine/Plugins/Animation/ControlRig/Content/Controls/ControlRig_Square_3mm.uasset" 471
"../../../Engine/Plugins/Animation/ControlRig/Content/Controls/ControlRig_Square_3mm.ubulk" 472
"../../../Engine/Plugins/Animation/ControlRig/Content/Controls/ControlRig_Square_3mm.uexp" 473
"../../../Engine/Plugins/Animation/ControlRig/Content/Controls/ControlRig_Square_1mm.uasset" 474
"../../../Engine/Plugins/Animation/ControlRig/Content/Controls/ControlRig_Square_1mm.ubulk" 475
"../../../Engine/Plugins/Animation/ControlRig/Content/Controls/ControlRig_Square_1mm.uexp" 476
"../../../Engine/Plugins/Animation/ControlRig/Content/Controls/ControlRig_Sphere_solid.uasset" 477
"../../../Engine/Plugins/Animation/ControlRig/Content/Controls/ControlRig_Sphere_solid.ubulk" 478
"../../../Engine/Plugins/Animation/ControlRig/Content/Controls/ControlRig_Sphere_solid.uexp" 479
"../../../Engine/Plugins/Animation/ControlRig/Content/Controls/ControlRig_Sphere_3mm.uasset" 480
"../../../Engine/Plugins/Animation/ControlRig/Content/Controls/ControlRig_Sphere_3mm.ubulk" 481
"../../../Engine/Plugins/Animation/ControlRig/Content/Controls/ControlRig_Sphere_3mm.uexp" 482
"../../../Engine/Plugins/Animation/ControlRig/Content/Controls/ControlRig_Sphere_1mm.uasset" 483
"../../../Engine/Plugins/Animation/ControlRig/Content/Controls/ControlRig_Sphere_1mm.ubulk" 484
"../../../Engine/Plugins/Animation/ControlRig/Content/Controls/ControlRig_Sphere_1mm.uexp" 485
"../../../Engine/Plugins/Animation/ControlRig/Content/Controls/ControlRig_RoundedTriangle_solid.uasset" 486
"../../../Engine/Plugins/Animation/ControlRig/Content/Controls/ControlRig_RoundedTriangle_solid.ubulk" 487
"../../../Engine/Plugins/Animation/ControlRig/Content/Controls/ControlRig_RoundedTriangle_solid.uexp" 488
"../../../Engine/Plugins/Animation/ControlRig/Content/Controls/ControlRig_RoundedTriangle_3mm.uasset" 489
"../../../Engine/Plugins/Animation/ControlRig/Content/Controls/ControlRig_RoundedTriangle_3mm.ubulk" 490
"../../../Engine/Plugins/Animation/ControlRig/Content/Controls/ControlRig_RoundedTriangle_3mm.uexp" 491
"../../../Engine/Plugins/Animation/ControlRig/Content/Controls/ControlRig_RoundedTriangle_1mm.uasset" 492
"../../../Engine/Plugins/Animation/ControlRig/Content/Controls/ControlRig_RoundedTriangle_1mm.ubulk" 493
"../../../Engine/Plugins/Animation/ControlRig/Content/Controls/ControlRig_RoundedTriangle_1mm.uexp" 494
"../../../Engine/Plugins/Animation/ControlRig/Content/Controls/ControlRig_RoundedSquare_solid.uasset" 495
"../../../Engine/Plugins/Animation/ControlRig/Content/Controls/ControlRig_RoundedSquare_solid.ubulk" 496
"../../../Engine/Plugins/Animation/ControlRig/Content/Controls/ControlRig_RoundedSquare_solid.uexp" 497
"../../../Engine/Plugins/Animation/ControlRig/Content/Controls/ControlRig_RoundedSquare_3mm.uasset" 498
"../../../Engine/Plugins/Animation/ControlRig/Content/Controls/ControlRig_RoundedSquare_3mm.ubulk" 499
"../../../Engine/Plugins/Animation/ControlRig/Content/Controls/ControlRig_RoundedSquare_3mm.uexp" 500
"../../../Engine/Plugins/Animation/ControlRig/Content/Controls/ControlRig_RoundedSquare_1mm.uasset" 501
"../../../Engine/Plugins/Animation/ControlRig/Content/Controls/ControlRig_RoundedSquare_1mm.ubulk" 502
"../../../Engine/Plugins/Animation/ControlRig/Content/Controls/ControlRig_RoundedSquare_1mm.uexp" 503
"../../../Engine/Plugins/Animation/ControlRig/Content/Controls/ControlRig_QuarterCircle_solid.uasset" 504
"../../../Engine/Plugins/Animation/ControlRig/Content/Controls/ControlRig_QuarterCircle_solid.ubulk" 505
"../../../Engine/Plugins/Animation/ControlRig/Content/Controls/ControlRig_QuarterCircle_solid.uexp" 506
"../../../Engine/Plugins/Animation/ControlRig/Content/Controls/ControlRig_QuarterCircle_3mm.uasset" 507
"../../../Engine/Plugins/Animation/ControlRig/Content/Controls/ControlRig_QuarterCircle_3mm.ubulk" 508
"../../../Engine/Plugins/Animation/ControlRig/Content/Controls/ControlRig_QuarterCircle_3mm.uexp" 509
"../../../Engine/Plugins/Animation/ControlRig/Content/Controls/ControlRig_QuarterCircle_1mm.uasset" 510
"../../../Engine/Plugins/Animation/ControlRig/Content/Controls/ControlRig_QuarterCircle_1mm.ubulk" 511
"../../../Engine/Plugins/Animation/ControlRig/Content/Controls/ControlRig_QuarterCircle_1mm.uexp" 512
"../../../Engine/Plugins/Animation/ControlRig/Content/Controls/ControlRig_Pyramid_solid.uasset" 513
"../../../Engine/Plugins/Animation/ControlRig/Content/Controls/ControlRig_Pyramid_solid.ubulk" 514
"../../../Engine/Plugins/Animation/ControlRig/Content/Controls/ControlRig_Pyramid_solid.uexp" 515
"../../../Engine/Plugins/Animation/ControlRig/Content/Controls/ControlRig_Pyramid_3mm.uasset" 516
"../../../Engine/Plugins/Animation/ControlRig/Content/Controls/ControlRig_Pyramid_3mm.ubulk" 517
"../../../Engine/Plugins/Animation/ControlRig/Content/Controls/ControlRig_Pyramid_3mm.uexp" 518
"../../../Engine/Plugins/Animation/ControlRig/Content/Controls/ControlRig_Pyramid_1mm.uasset" 519
"../../../Engine/Plugins/Animation/ControlRig/Content/Controls/ControlRig_Pyramid_1mm.ubulk" 520
"../../../Engine/Plugins/Animation/ControlRig/Content/Controls/ControlRig_Pyramid_1mm.uexp" 521
"../../../Engine/Plugins/Animation/ControlRig/Content/Controls/ControlRig_Octagon_solid.uasset" 522
"../../../Engine/Plugins/Animation/ControlRig/Content/Controls/ControlRig_Octagon_solid.ubulk" 523
"../../../Engine/Plugins/Animation/ControlRig/Content/Controls/ControlRig_Octagon_solid.uexp" 524
"../../../Engine/Plugins/Animation/ControlRig/Content/Controls/ControlRig_Octagon_3mm.uasset" 525
"../../../Engine/Plugins/Animation/ControlRig/Content/Controls/ControlRig_Octagon_3mm.ubulk" 526
"../../../Engine/Plugins/Animation/ControlRig/Content/Controls/ControlRig_Octagon_3mm.uexp" 527
"../../../Engine/Plugins/Animation/ControlRig/Content/Controls/ControlRig_Octagon_1mm.uasset" 528
"../../../Engine/Plugins/Animation/ControlRig/Content/Controls/ControlRig_Octagon_1mm.ubulk" 529
"../../../Engine/Plugins/Animation/ControlRig/Content/Controls/ControlRig_Octagon_1mm.uexp" 530
"../../../Engine/Plugins/Animation/ControlRig/Content/Controls/ControlRig_Hexagon_solid.uasset" 531
"../../../Engine/Plugins/Animation/ControlRig/Content/Controls/ControlRig_Hexagon_solid.ubulk" 532
"../../../Engine/Plugins/Animation/ControlRig/Content/Controls/ControlRig_Hexagon_solid.uexp" 533
"../../../Engine/Plugins/Animation/ControlRig/Content/Controls/ControlRig_Hexagon_3mm.uasset" 534
"../../../Engine/Plugins/Animation/ControlRig/Content/Controls/ControlRig_Hexagon_3mm.ubulk" 535
"../../../Engine/Plugins/Animation/ControlRig/Content/Controls/ControlRig_Hexagon_3mm.uexp" 536
"../../../Engine/Plugins/Animation/ControlRig/Content/Controls/ControlRig_Hexagon_1mm.uasset" 537
"../../../Engine/Plugins/Animation/ControlRig/Content/Controls/ControlRig_Hexagon_1mm.ubulk" 538
"../../../Engine/Plugins/Animation/ControlRig/Content/Controls/ControlRig_Hexagon_1mm.uexp" 539
"../../../Engine/Plugins/Animation/ControlRig/Content/Controls/ControlRig_HalfCircle_solid.uasset" 540
"../../../Engine/Plugins/Animation/ControlRig/Content/Controls/ControlRig_HalfCircle_solid.ubulk" 541
"../../../Engine/Plugins/Animation/ControlRig/Content/Controls/ControlRig_HalfCircle_solid.uexp" 542
"../../../Engine/Plugins/Animation/ControlRig/Content/Controls/ControlRig_HalfCircle_3mm.uasset" 543
"../../../Engine/Plugins/Animation/ControlRig/Content/Controls/ControlRig_HalfCircle_3mm.ubulk" 544
"../../../Engine/Plugins/Animation/ControlRig/Content/Controls/ControlRig_HalfCircle_3mm.uexp" 545
"../../../Engine/Plugins/Animation/ControlRig/Content/Controls/ControlRig_HalfCircle_1mm.uasset" 546
"../../../Engine/Plugins/Animation/ControlRig/Content/Controls/ControlRig_HalfCircle_1mm.ubulk" 547
"../../../Engine/Plugins/Animation/ControlRig/Content/Controls/ControlRig_HalfCircle_1mm.uexp" 548
"../../../Engine/Plugins/Animation/ControlRig/Content/Controls/ControlRig_Diamond_solid.uasset" 549
"../../../Engine/Plugins/Animation/ControlRig/Content/Controls/ControlRig_Diamond_solid.ubulk" 550
"../../../Engine/Plugins/Animation/ControlRig/Content/Controls/ControlRig_Diamond_solid.uexp" 551
"../../../Engine/Plugins/Animation/ControlRig/Content/Controls/ControlRig_Diamond_3mm.uasset" 552
"../../../Engine/Plugins/Animation/ControlRig/Content/Controls/ControlRig_Diamond_3mm.ubulk" 553
"../../../Engine/Plugins/Animation/ControlRig/Content/Controls/ControlRig_Diamond_3mm.uexp" 554
"../../../Engine/Plugins/Animation/ControlRig/Content/Controls/ControlRig_Diamond_1mm.uasset" 555
"../../../Engine/Plugins/Animation/ControlRig/Content/Controls/ControlRig_Diamond_1mm.ubulk" 556
"../../../Engine/Plugins/Animation/ControlRig/Content/Controls/ControlRig_Diamond_1mm.uexp" 557
"../../../Engine/Plugins/Animation/ControlRig/Content/Controls/ControlRig_Circle_solid.uasset" 558
"../../../Engine/Plugins/Animation/ControlRig/Content/Controls/ControlRig_Circle_solid.ubulk" 559
"../../../Engine/Plugins/Animation/ControlRig/Content/Controls/ControlRig_Circle_solid.uexp" 560
"../../../Engine/Plugins/Animation/ControlRig/Content/Controls/ControlRig_Circle_3mm.uasset" 561
"../../../Engine/Plugins/Animation/ControlRig/Content/Controls/ControlRig_Circle_3mm.ubulk" 562
"../../../Engine/Plugins/Animation/ControlRig/Content/Controls/ControlRig_Circle_3mm.uexp" 563
"../../../Engine/Plugins/Animation/ControlRig/Content/Controls/ControlRig_Circle_1mm.uasset" 564
"../../../Engine/Plugins/Animation/ControlRig/Content/Controls/ControlRig_Circle_1mm.ubulk" 565
"../../../Engine/Plugins/Animation/ControlRig/Content/Controls/ControlRig_Circle_1mm.uexp" 566
"../../../Engine/Plugins/Animation/ControlRig/Content/Controls/ControlRig_Box_solid.uasset" 567
"../../../Engine/Plugins/Animation/ControlRig/Content/Controls/ControlRig_Box_solid.ubulk" 568
"../../../Engine/Plugins/Animation/ControlRig/Content/Controls/ControlRig_Box_solid.uexp" 569
"../../../Engine/Plugins/Animation/ControlRig/Content/Controls/ControlRig_Box_3mm.uasset" 570
"../../../Engine/Plugins/Animation/ControlRig/Content/Controls/ControlRig_Box_3mm.ubulk" 571
"../../../Engine/Plugins/Animation/ControlRig/Content/Controls/ControlRig_Box_3mm.uexp" 572
"../../../Engine/Plugins/Animation/ControlRig/Content/Controls/ControlRig_Box_1mm.uasset" 573
"../../../Engine/Plugins/Animation/ControlRig/Content/Controls/ControlRig_Box_1mm.ubulk" 574
"../../../Engine/Plugins/Animation/ControlRig/Content/Controls/ControlRig_Box_1mm.uexp" 575
"../../../Engine/Plugins/Animation/ControlRig/Content/Controls/ControlRig_Arrow_solid.uasset" 576
"../../../Engine/Plugins/Animation/ControlRig/Content/Controls/ControlRig_Arrow_solid.ubulk" 577
"../../../Engine/Plugins/Animation/ControlRig/Content/Controls/ControlRig_Arrow_solid.uexp" 578
"../../../Engine/Plugins/Animation/ControlRig/Content/Controls/ControlRig_Arrow_3mm.uasset" 579
"../../../Engine/Plugins/Animation/ControlRig/Content/Controls/ControlRig_Arrow_3mm.ubulk" 580
"../../../Engine/Plugins/Animation/ControlRig/Content/Controls/ControlRig_Arrow_3mm.uexp" 581
"../../../Engine/Plugins/Animation/ControlRig/Content/Controls/ControlRig_Arrow_1mm.uasset" 582
"../../../Engine/Plugins/Animation/ControlRig/Content/Controls/ControlRig_Arrow_1mm.ubulk" 583
"../../../Engine/Plugins/Animation/ControlRig/Content/Controls/ControlRig_Arrow_1mm.uexp" 584
"../../../Engine/Plugins/Animation/ControlRig/Content/Controls/ControlRig_Arrow4_solid.uasset" 585
"../../../Engine/Plugins/Animation/ControlRig/Content/Controls/ControlRig_Arrow4_solid.ubulk" 586
"../../../Engine/Plugins/Animation/ControlRig/Content/Controls/ControlRig_Arrow4_solid.uexp" 587
"../../../Engine/Plugins/Animation/ControlRig/Content/Controls/ControlRig_Arrow4_3mm.uasset" 588
"../../../Engine/Plugins/Animation/ControlRig/Content/Controls/ControlRig_Arrow4_3mm.ubulk" 589
"../../../Engine/Plugins/Animation/ControlRig/Content/Controls/ControlRig_Arrow4_3mm.uexp" 590
"../../../Engine/Plugins/Animation/ControlRig/Content/Controls/ControlRig_Arrow4_1mm.uasset" 591
"../../../Engine/Plugins/Animation/ControlRig/Content/Controls/ControlRig_Arrow4_1mm.ubulk" 592
"../../../Engine/Plugins/Animation/ControlRig/Content/Controls/ControlRig_Arrow4_1mm.uexp" 593
"../../../Engine/Plugins/Animation/ControlRig/Content/Controls/ControlRig_Arrow2_solid.uasset" 594
"../../../Engine/Plugins/Animation/ControlRig/Content/Controls/ControlRig_Arrow2_solid.ubulk" 595
"../../../Engine/Plugins/Animation/ControlRig/Content/Controls/ControlRig_Arrow2_solid.uexp" 596
"../../../Engine/Plugins/Animation/ControlRig/Content/Controls/ControlRig_Arrow2_3mm.uasset" 597
"../../../Engine/Plugins/Animation/ControlRig/Content/Controls/ControlRig_Arrow2_3mm.ubulk" 598
"../../../Engine/Plugins/Animation/ControlRig/Content/Controls/ControlRig_Arrow2_3mm.uexp" 599
"../../../Engine/Plugins/Animation/ControlRig/Content/Controls/ControlRig_Arrow2_1mm.uasset" 600
"../../../Engine/Plugins/Animation/ControlRig/Content/Controls/ControlRig_Arrow2_1mm.ubulk" 601
"../../../Engine/Plugins/Animation/ControlRig/Content/Controls/ControlRig_Arrow2_1mm.uexp" 602
"../../../Engine/Plugins/2D/Paper2D/Content/DefaultSpriteMaterial.uasset" 603
"../../../Engine/Plugins/2D/Paper2D/Content/DefaultSpriteMaterial.uexp" 604
"../../../Engine/Plugins/2D/Paper2D/Content/OpaqueUnlitSpriteMaterial.uasset" 605
"../../../Engine/Plugins/2D/Paper2D/Content/OpaqueUnlitSpriteMaterial.uexp" 606
"../../../Engine/Plugins/2D/Paper2D/Content/MaskedUnlitSpriteMaterial.uasset" 607
"../../../Engine/Plugins/2D/Paper2D/Content/MaskedUnlitSpriteMaterial.uexp" 608
"../../../Engine/Content/EngineResources/WhiteSquareTexture.uasset" 609
"../../../Engine/Content/EngineResources/WhiteSquareTexture.uexp" 610
"../../../Engine/Content/EngineMaterials/Widget3DPassThrough.uasset" 611
"../../../Engine/Content/EngineMaterials/Widget3DPassThrough.uexp" 612
"../../../Engine/Content/EngineMaterials/Widget3DPassThrough_Translucent.uasset" 613
"../../../Engine/Content/EngineMaterials/Widget3DPassThrough_Translucent.uexp" 614
"../../../Engine/Content/EngineMaterials/Widget3DPassThrough_Translucent_OneSided.uasset" 615
"../../../Engine/Content/EngineMaterials/Widget3DPassThrough_Translucent_OneSided.uexp" 616
"../../../Engine/Content/EngineMaterials/Widget3DPassThrough_Opaque.uasset" 617
"../../../Engine/Content/EngineMaterials/Widget3DPassThrough_Opaque.uexp" 618
"../../../Engine/Content/EngineMaterials/Widget3DPassThrough_Opaque_OneSided.uasset" 619
"../../../Engine/Content/EngineMaterials/Widget3DPassThrough_Opaque_OneSided.uexp" 620
"../../../Engine/Content/EngineMaterials/Widget3DPassThrough_Masked_OneSided.uasset" 621
"../../../Engine/Content/EngineMaterials/Widget3DPassThrough_Masked_OneSided.uexp" 622
"../../../Engine/Content/EngineMaterials/Widget3DPassThrough_Masked.uasset" 623
"../../../Engine/Content/EngineMaterials/Widget3DPassThrough_Masked.uexp" 624
"../../../Engine/Content/EngineMaterials/WeightMapPlaceholderTexture.uasset" 625
"../../../Engine/Content/EngineMaterials/WeightMapPlaceholderTexture.uexp" 626
"../../../Engine/Content/EngineMaterials/WeightMapArrayPlaceholderTexture.uasset" 627
"../../../Engine/Content/EngineMaterials/WeightMapArrayPlaceholderTexture.uexp" 628
"../../../Engine/Content/EditorLandscapeResources/SplineEditorMeshMat.uasset" 629
"../../../Engine/Content/EditorLandscapeResources/SplineEditorMeshMat.uexp" 630
"../../../Engine/Content/EditorLandscapeResources/SplineEditorMesh.uasset" 631
"../../../Engine/Content/EditorLandscapeResources/SplineEditorMesh.ubulk" 632
"../../../Engine/Content/EditorLandscapeResources/SplineEditorMesh.uexp" 633
"../../../Engine/Content/BasicShapes/Plane.uasset" 634
"../../../Engine/Content/BasicShapes/Plane.ubulk" 635
"../../../Engine/Content/BasicShapes/Plane.uexp" 636
"../../../Engine/Content/EngineMaterials/DefaultMaterial.uasset" 637
"../../../Engine/Content/EngineMaterials/DefaultMaterial.uexp" 638
"../../../Engine/Content/BasicShapes/Cylinder.uasset" 639
"../../../Engine/Content/BasicShapes/Cylinder.ubulk" 640
"../../../Engine/Content/BasicShapes/Cylinder.uexp" 641
"../../../Engine/Content/BasicShapes/Cube.uasset" 642
"../../../Engine/Content/BasicShapes/Cube.ubulk" 643
"../../../Engine/Content/BasicShapes/Cube.uexp" 644
"../../../Engine/Content/BasicShapes/Cone.uasset" 645
"../../../Engine/Content/BasicShapes/Cone.ubulk" 646
"../../../Engine/Content/BasicShapes/Cone.uexp" 647
"../../../Engine/Plugins/Interchange/Assets/Content/gltf/Textures/T_White_srgb.uasset" 648
"../../../Engine/Plugins/Interchange/Assets/Content/gltf/Textures/T_White_srgb.uexp" 649
"../../../Engine/Plugins/Interchange/Assets/Content/gltf/MaterialFunctions/MF_BaseColor.uasset" 650
"../../../Engine/Plugins/Interchange/Assets/Content/gltf/MaterialFunctions/MF_BaseColor.uexp" 651
"../../../Engine/Plugins/Interchange/Assets/Content/gltf/MaterialFunctions/MF_RotateV2.uasset" 652
"../../../Engine/Plugins/Interchange/Assets/Content/gltf/MaterialFunctions/MF_RotateV2.uexp" 653
"../../../Engine/Plugins/Interchange/Assets/Content/gltf/MaterialFunctions/MF_TransformUVs.uasset" 654
"../../../Engine/Plugins/Interchange/Assets/Content/gltf/MaterialFunctions/MF_TransformUVs.uexp" 655
"../../../Engine/Plugins/Interchange/Assets/Content/gltf/MaterialBodies/MF_Unlit_Body.uasset" 656
"../../../Engine/Plugins/Interchange/Assets/Content/gltf/MaterialBodies/MF_Unlit_Body.uexp" 657
"../../../Engine/Plugins/Interchange/Assets/Content/gltf/M_Unlit.uasset" 658
"../../../Engine/Plugins/Interchange/Assets/Content/gltf/M_Unlit.uexp" 659
"../../../Engine/Plugins/Interchange/Assets/Content/gltf/MaterialInstances/MI_Unlit_Opaque_DS.uasset" 660
"../../../Engine/Plugins/Interchange/Assets/Content/gltf/MaterialInstances/MI_Unlit_Opaque_DS.uexp" 661
"../../../Engine/Plugins/Interchange/Assets/Content/gltf/MaterialInstances/MI_Unlit_Opaque.uasset" 662
"../../../Engine/Plugins/Interchange/Assets/Content/gltf/MaterialInstances/MI_Unlit_Opaque.uexp" 663
"../../../Engine/Plugins/Interchange/Assets/Content/gltf/MaterialInstances/MI_Unlit_Mask_DS.uasset" 664
"../../../Engine/Plugins/Interchange/Assets/Content/gltf/MaterialInstances/MI_Unlit_Mask_DS.uexp" 665
"../../../Engine/Plugins/Interchange/Assets/Content/gltf/MaterialInstances/MI_Unlit_Mask.uasset" 666
"../../../Engine/Plugins/Interchange/Assets/Content/gltf/MaterialInstances/MI_Unlit_Mask.uexp" 667
"../../../Engine/Plugins/Interchange/Assets/Content/gltf/MaterialInstances/MI_Unlit_Blend_DS.uasset" 668
"../../../Engine/Plugins/Interchange/Assets/Content/gltf/MaterialInstances/MI_Unlit_Blend_DS.uexp" 669
"../../../Engine/Plugins/Interchange/Assets/Content/gltf/MaterialInstances/MI_Unlit_Blend.uasset" 670
"../../../Engine/Plugins/Interchange/Assets/Content/gltf/MaterialInstances/MI_Unlit_Blend.uexp" 671
"../../../Engine/Content/Functions/Engine_MaterialFunctions02/Math/Transform3x3Matrix.uasset" 672
"../../../Engine/Content/Functions/Engine_MaterialFunctions02/Math/Transform3x3Matrix.uexp" 673
"../../../Engine/Content/EngineMaterials/Good64x64TilingNoiseHighFreq.uasset" 674
"../../../Engine/Content/EngineMaterials/Good64x64TilingNoiseHighFreq.uexp" 675
"../../../Engine/Content/Functions/Engine_MaterialFunctions02/Texturing/ScreenAlignedPixelToPixelUVs.uasset" 676
"../../../Engine/Content/Functions/Engine_MaterialFunctions02/Texturing/ScreenAlignedPixelToPixelUVs.uexp" 677
"../../../Engine/Plugins/Interchange/Assets/Content/gltf/MaterialFunctions/MF_Temporal_Blur.uasset" 678
"../../../Engine/Plugins/Interchange/Assets/Content/gltf/MaterialFunctions/MF_Temporal_Blur.uexp" 679
"../../../Engine/Plugins/Interchange/Assets/Content/gltf/MaterialFunctions/MF_Specular.uasset" 680
"../../../Engine/Plugins/Interchange/Assets/Content/gltf/MaterialFunctions/MF_Specular.uexp" 681
"../../../Engine/Plugins/Interchange/Assets/Content/gltf/Textures/T_Anisotropy_Direction_Linear.uasset" 682
"../../../Engine/Plugins/Interchange/Assets/Content/gltf/Textures/T_Anisotropy_Direction_Linear.uexp" 683
"../../../Engine/Plugins/Interchange/Assets/Content/gltf/MaterialFunctions/MF_SpecularAnisotropy.uasset" 684
"../../../Engine/Plugins/Interchange/Assets/Content/gltf/MaterialFunctions/MF_SpecularAnisotropy.uexp" 685
"../../../Engine/Plugins/Interchange/Assets/Content/gltf/Textures/T_White_Linear.uasset" 686
"../../../Engine/Plugins/Interchange/Assets/Content/gltf/Textures/T_White_Linear.uexp" 687
"../../../Engine/Plugins/Interchange/Assets/Content/gltf/MaterialFunctions/MF_MetallicRoughness.uasset" 688
"../../../Engine/Plugins/Interchange/Assets/Content/gltf/MaterialFunctions/MF_MetallicRoughness.uexp" 689
"../../../Engine/Plugins/Interchange/Assets/Content/gltf/Textures/T_Generic_N.uasset" 690
"../../../Engine/Plugins/Interchange/Assets/Content/gltf/Textures/T_Generic_N.uexp" 691
"../../../Engine/Plugins/Interchange/Assets/Content/gltf/MaterialFunctions/MF_ScaleNormal.uasset" 692
"../../../Engine/Plugins/Interchange/Assets/Content/gltf/MaterialFunctions/MF_ScaleNormal.uexp" 693
"../../../Engine/Plugins/Interchange/Assets/Content/gltf/MaterialFunctions/MF_Fresnel_DS.uasset" 694
"../../../Engine/Plugins/Interchange/Assets/Content/gltf/MaterialFunctions/MF_Fresnel_DS.uexp" 695
"../../../Engine/Plugins/Interchange/Assets/Content/gltf/MaterialFunctions/MF_Iridescence.uasset" 696
"../../../Engine/Plugins/Interchange/Assets/Content/gltf/MaterialFunctions/MF_Iridescence.uexp" 697
"../../../Engine/Plugins/Interchange/Assets/Content/gltf/MaterialFunctions/MF_Occlusion.uasset" 698
"../../../Engine/Plugins/Interchange/Assets/Content/gltf/MaterialFunctions/MF_Occlusion.uexp" 699
"../../../Engine/Plugins/Interchange/Assets/Content/gltf/MaterialFunctions/MF_IOR.uasset" 700
"../../../Engine/Plugins/Interchange/Assets/Content/gltf/MaterialFunctions/MF_IOR.uexp" 701
"../../../Engine/Plugins/Interchange/Assets/Content/gltf/MaterialFunctions/MF_Transmission.uasset" 702
"../../../Engine/Plugins/Interchange/Assets/Content/gltf/MaterialFunctions/MF_Transmission.uexp" 703
"../../../Engine/Plugins/Interchange/Assets/Content/gltf/MaterialFunctions/MF_RotateNormals_TS.uasset" 704
"../../../Engine/Plugins/Interchange/Assets/Content/gltf/MaterialFunctions/MF_RotateNormals_TS.uexp" 705
"../../../Engine/Plugins/Interchange/Assets/Content/gltf/MaterialFunctions/MF_Normals.uasset" 706
"../../../Engine/Plugins/Interchange/Assets/Content/gltf/MaterialFunctions/MF_Normals.uexp" 707
"../../../Engine/Plugins/Interchange/Assets/Content/gltf/MaterialBodies/MF_Transmission_Body.uasset" 708
"../../../Engine/Plugins/Interchange/Assets/Content/gltf/MaterialBodies/MF_Transmission_Body.uexp" 709
"../../../Engine/Plugins/Interchange/Assets/Content/gltf/M_Transmission.uasset" 710
"../../../Engine/Plugins/Interchange/Assets/Content/gltf/M_Transmission.uexp" 711
"../../../Engine/Plugins/Interchange/Assets/Content/gltf/MaterialInstances/MI_Transmission_DS.uasset" 712
"../../../Engine/Plugins/Interchange/Assets/Content/gltf/MaterialInstances/MI_Transmission_DS.uexp" 713
"../../../Engine/Plugins/Interchange/Assets/Content/gltf/MaterialInstances/MI_Transmission.uasset" 714
"../../../Engine/Plugins/Interchange/Assets/Content/gltf/MaterialInstances/MI_Transmission.uexp" 715
"../../../Engine/Content/Functions/Engine_MaterialFunctions02/Math/AddComponents.uasset" 716
"../../../Engine/Content/Functions/Engine_MaterialFunctions02/Math/AddComponents.uexp" 717
"../../../Engine/Plugins/Interchange/Assets/Content/gltf/MaterialFunctions/MF_DiffuseSpecGloss.uasset" 718
"../../../Engine/Plugins/Interchange/Assets/Content/gltf/MaterialFunctions/MF_DiffuseSpecGloss.uexp" 719
"../../../Engine/Plugins/Interchange/Assets/Content/gltf/MaterialFunctions/MF_Emissive.uasset" 720
"../../../Engine/Plugins/Interchange/Assets/Content/gltf/MaterialFunctions/MF_Emissive.uexp" 721
"../../../Engine/Plugins/Interchange/Assets/Content/gltf/MaterialFunctions/MF_PerceivedBrightness.uasset" 722
"../../../Engine/Plugins/Interchange/Assets/Content/gltf/MaterialFunctions/MF_PerceivedBrightness.uexp" 723
"../../../Engine/Plugins/Interchange/Assets/Content/gltf/MaterialFunctions/MF_SpecGlossToMetalRoughness.uasset" 724
"../../../Engine/Plugins/Interchange/Assets/Content/gltf/MaterialFunctions/MF_SpecGlossToMetalRoughness.uexp" 725
"../../../Engine/Plugins/Interchange/Assets/Content/gltf/MaterialFunctions/MF_MaxComponentValue.uasset" 726
"../../../Engine/Plugins/Interchange/Assets/Content/gltf/MaterialFunctions/MF_MaxComponentValue.uexp" 727
"../../../Engine/Plugins/Interchange/Assets/Content/gltf/MaterialBodies/MF_SpecularGlossiness_Body.uasset" 728
"../../../Engine/Plugins/Interchange/Assets/Content/gltf/MaterialBodies/MF_SpecularGlossiness_Body.uexp" 729
"../../../Engine/Plugins/Interchange/Assets/Content/gltf/M_SpecularGlossiness.uasset" 730
"../../../Engine/Plugins/Interchange/Assets/Content/gltf/M_SpecularGlossiness.uexp" 731
"../../../Engine/Plugins/Interchange/Assets/Content/gltf/MaterialInstances/MI_SpecularGlossiness_Opaque_DS.uasset" 732
"../../../Engine/Plugins/Interchange/Assets/Content/gltf/MaterialInstances/MI_SpecularGlossiness_Opaque_DS.uexp" 733
"../../../Engine/Plugins/Interchange/Assets/Content/gltf/MaterialInstances/MI_SpecularGlossiness_Opaque.uasset" 734
"../../../Engine/Plugins/Interchange/Assets/Content/gltf/MaterialInstances/MI_SpecularGlossiness_Opaque.uexp" 735
"../../../Engine/Plugins/Interchange/Assets/Content/gltf/MaterialInstances/MI_SpecularGlossiness_Mask_DS.uasset" 736
"../../../Engine/Plugins/Interchange/Assets/Content/gltf/MaterialInstances/MI_SpecularGlossiness_Mask_DS.uexp" 737
"../../../Engine/Plugins/Interchange/Assets/Content/gltf/MaterialInstances/MI_SpecularGlossiness_Mask.uasset" 738
"../../../Engine/Plugins/Interchange/Assets/Content/gltf/MaterialInstances/MI_SpecularGlossiness_Mask.uexp" 739
"../../../Engine/Plugins/Interchange/Assets/Content/gltf/MaterialInstances/MI_SpecularGlossiness_Blend_DS.uasset" 740
"../../../Engine/Plugins/Interchange/Assets/Content/gltf/MaterialInstances/MI_SpecularGlossiness_Blend_DS.uexp" 741
"../../../Engine/Plugins/Interchange/Assets/Content/gltf/MaterialInstances/MI_SpecularGlossiness_Blend.uasset" 742
"../../../Engine/Plugins/Interchange/Assets/Content/gltf/MaterialInstances/MI_SpecularGlossiness_Blend.uexp" 743
"../../../Engine/Plugins/Interchange/Assets/Content/gltf/MaterialFunctions/MF_Sheen.uasset" 744
"../../../Engine/Plugins/Interchange/Assets/Content/gltf/MaterialFunctions/MF_Sheen.uexp" 745
"../../../Engine/Plugins/Interchange/Assets/Content/gltf/MaterialBodies/MF_Sheen_Body.uasset" 746
"../../../Engine/Plugins/Interchange/Assets/Content/gltf/MaterialBodies/MF_Sheen_Body.uexp" 747
"../../../Engine/Plugins/Interchange/Assets/Content/gltf/M_Sheen.uasset" 748
"../../../Engine/Plugins/Interchange/Assets/Content/gltf/M_Sheen.uexp" 749
"../../../Engine/Plugins/Interchange/Assets/Content/gltf/MaterialInstances/MI_Sheen_Opaque_DS.uasset" 750
"../../../Engine/Plugins/Interchange/Assets/Content/gltf/MaterialInstances/MI_Sheen_Opaque_DS.uexp" 751
"../../../Engine/Plugins/Interchange/Assets/Content/gltf/MaterialInstances/MI_Sheen_Opaque.uasset" 752
"../../../Engine/Plugins/Interchange/Assets/Content/gltf/MaterialInstances/MI_Sheen_Opaque.uexp" 753
"../../../Engine/Plugins/Interchange/Assets/Content/gltf/MaterialInstances/MI_Sheen_Mask_DS.uasset" 754
"../../../Engine/Plugins/Interchange/Assets/Content/gltf/MaterialInstances/MI_Sheen_Mask_DS.uexp" 755
"../../../Engine/Plugins/Interchange/Assets/Content/gltf/MaterialInstances/MI_Sheen_Mask.uasset" 756
"../../../Engine/Plugins/Interchange/Assets/Content/gltf/MaterialInstances/MI_Sheen_Mask.uexp" 757
"../../../Engine/Plugins/Interchange/Assets/Content/gltf/MaterialInstances/MI_Sheen_Blend_DS.uasset" 758
"../../../Engine/Plugins/Interchange/Assets/Content/gltf/MaterialInstances/MI_Sheen_Blend_DS.uexp" 759
"../../../Engine/Plugins/Interchange/Assets/Content/gltf/MaterialInstances/MI_Sheen_Blend.uasset" 760
"../../../Engine/Plugins/Interchange/Assets/Content/gltf/MaterialInstances/MI_Sheen_Blend.uexp" 761
"../../../Engine/Plugins/Interchange/Assets/Content/gltf/MaterialBodies/MF_Default_Body.uasset" 762
"../../../Engine/Plugins/Interchange/Assets/Content/gltf/MaterialBodies/MF_Default_Body.uexp" 763
"../../../Engine/Plugins/Interchange/Assets/Content/gltf/M_Default.uasset" 764
"../../../Engine/Plugins/Interchange/Assets/Content/gltf/M_Default.uexp" 765
"../../../Engine/Plugins/Interchange/Assets/Content/gltf/MaterialInstances/MI_Default_Opaque_DS.uasset" 766
"../../../Engine/Plugins/Interchange/Assets/Content/gltf/MaterialInstances/MI_Default_Opaque_DS.uexp" 767
"../../../Engine/Plugins/Interchange/Assets/Content/gltf/MaterialInstances/MI_Default_Opaque.uasset" 768
"../../../Engine/Plugins/Interchange/Assets/Content/gltf/MaterialInstances/MI_Default_Opaque.uexp" 769
"../../../Engine/Plugins/Interchange/Assets/Content/gltf/MaterialInstances/MI_Default_Mask_DS.uasset" 770
"../../../Engine/Plugins/Interchange/Assets/Content/gltf/MaterialInstances/MI_Default_Mask_DS.uexp" 771
"../../../Engine/Plugins/Interchange/Assets/Content/gltf/MaterialInstances/MI_Default_Mask.uasset" 772
"../../../Engine/Plugins/Interchange/Assets/Content/gltf/MaterialInstances/MI_Default_Mask.uexp" 773
"../../../Engine/Plugins/Interchange/Assets/Content/gltf/MaterialInstances/MI_Default_Blend_DS.uasset" 774
"../../../Engine/Plugins/Interchange/Assets/Content/gltf/MaterialInstances/MI_Default_Blend_DS.uexp" 775
"../../../Engine/Plugins/Interchange/Assets/Content/gltf/MaterialInstances/MI_Default_Blend.uasset" 776
"../../../Engine/Plugins/Interchange/Assets/Content/gltf/MaterialInstances/MI_Default_Blend.uexp" 777
"../../../Engine/Content/Functions/Engine_MaterialFunctions01/Texturing/FlattenNormal.uasset" 778
"../../../Engine/Content/Functions/Engine_MaterialFunctions01/Texturing/FlattenNormal.uexp" 779
"../../../Engine/Plugins/Interchange/Assets/Content/gltf/MaterialFunctions/MF_Clearcoat.uasset" 780
"../../../Engine/Plugins/Interchange/Assets/Content/gltf/MaterialFunctions/MF_Clearcoat.uexp" 781
"../../../Engine/Plugins/Interchange/Assets/Content/gltf/MaterialBodies/MF_ClearCoat_Body.uasset" 782
"../../../Engine/Plugins/Interchange/Assets/Content/gltf/MaterialBodies/MF_ClearCoat_Body.uexp" 783
"../../../Engine/Plugins/Interchange/Assets/Content/gltf/M_ClearCoat.uasset" 784
"../../../Engine/Plugins/Interchange/Assets/Content/gltf/M_ClearCoat.uexp" 785
"../../../Engine/Plugins/Interchange/Assets/Content/gltf/MaterialInstances/MI_ClearCoat_Opaque_DS.uasset" 786
"../../../Engine/Plugins/Interchange/Assets/Content/gltf/MaterialInstances/MI_ClearCoat_Opaque_DS.uexp" 787
"../../../Engine/Plugins/Interchange/Assets/Content/gltf/MaterialInstances/MI_ClearCoat_Opaque.uasset" 788
"../../../Engine/Plugins/Interchange/Assets/Content/gltf/MaterialInstances/MI_ClearCoat_Opaque.uexp" 789
"../../../Engine/Plugins/Interchange/Assets/Content/gltf/MaterialInstances/MI_ClearCoat_Mask_DS.uasset" 790
"../../../Engine/Plugins/Interchange/Assets/Content/gltf/MaterialInstances/MI_ClearCoat_Mask_DS.uexp" 791
"../../../Engine/Plugins/Interchange/Assets/Content/gltf/MaterialInstances/MI_ClearCoat_Mask.uasset" 792
"../../../Engine/Plugins/Interchange/Assets/Content/gltf/MaterialInstances/MI_ClearCoat_Mask.uexp" 793
"../../../Engine/Plugins/Interchange/Assets/Content/gltf/MaterialInstances/MI_ClearCoat_Blend_DS.uasset" 794
"../../../Engine/Plugins/Interchange/Assets/Content/gltf/MaterialInstances/MI_ClearCoat_Blend_DS.uexp" 795
"../../../Engine/Plugins/Interchange/Assets/Content/gltf/MaterialInstances/MI_ClearCoat_Blend.uasset" 796
"../../../Engine/Plugins/Interchange/Assets/Content/gltf/MaterialInstances/MI_ClearCoat_Blend.uexp" 797
"../../../Engine/Content/VREditor/TransformGizmo/Main.uasset" 798
"../../../Engine/Content/VREditor/TransformGizmo/Main.uexp" 799
"../../../Engine/Content/VREditor/TransformGizmo/Xray.uasset" 800
"../../../Engine/Content/VREditor/TransformGizmo/Xray.uexp" 801
"../../../Engine/Content/VREditor/TransformGizmo/SM_Sequencer_Node.uasset" 802
"../../../Engine/Content/VREditor/TransformGizmo/SM_Sequencer_Node.ubulk" 803
"../../../Engine/Content/VREditor/TransformGizmo/SM_Sequencer_Node.uexp" 804
"../../../Engine/Content/VREditor/LaserPointer/VR_LaserPower_01.uasset" 805
"../../../Engine/Content/VREditor/LaserPointer/VR_LaserPower_01.ubulk" 806
"../../../Engine/Content/VREditor/LaserPointer/VR_LaserPower_01.uexp" 807
"../../../Engine/Content/VREditor/TransformGizmo/TransformGizmoMaterial.uasset" 808
"../../../Engine/Content/VREditor/TransformGizmo/TransformGizmoMaterial.uexp" 809
"../../../Engine/Content/VREditor/TransformGizmo/TranslucentTransformGizmoMaterial.uasset" 810
"../../../Engine/Content/VREditor/TransformGizmo/TranslucentTransformGizmoMaterial.uexp" 811
"../../../Engine/Content/VREditor/TransformGizmo/BoundingBoxEdge.uasset" 812
"../../../Engine/Content/VREditor/TransformGizmo/BoundingBoxEdge.ubulk" 813
"../../../Engine/Content/VREditor/TransformGizmo/BoundingBoxEdge.uexp" 814
"../../../Engine/Content/VREditor/TransformGizmo/BoundingBoxCorner.uasset" 815
"../../../Engine/Content/VREditor/TransformGizmo/BoundingBoxCorner.ubulk" 816
"../../../Engine/Content/VREditor/TransformGizmo/BoundingBoxCorner.uexp" 817
"../../../Engine/Content/EngineSky/VolumetricClouds/T_CloudMask.uasset" 818
"../../../Engine/Content/EngineSky/VolumetricClouds/T_CloudMask.ubulk" 819
"../../../Engine/Content/EngineSky/VolumetricClouds/T_CloudMask.uexp" 820
"../../../Engine/Content/EngineSky/VolumetricClouds/VT_Lightning.uasset" 821
"../../../Engine/Content/EngineSky/VolumetricClouds/VT_Lightning.uexp" 822
"../../../Engine/Content/EngineSky/VolumetricClouds/T_Profile_08.uasset" 823
"../../../Engine/Content/EngineSky/VolumetricClouds/T_Profile_08.ubulk" 824
"../../../Engine/Content/EngineSky/VolumetricClouds/T_Profile_08.uexp" 825
"../../../Engine/Content/Functions/Engine_MaterialFunctions02/Utility/MakeFloat4.uasset" 826
"../../../Engine/Content/Functions/Engine_MaterialFunctions02/Utility/MakeFloat4.uexp" 827
"../../../Engine/Content/Functions/Engine_MaterialFunctions01/Units/Km-to-Cm.uasset" 828
"../../../Engine/Content/Functions/Engine_MaterialFunctions01/Units/Km-to-Cm.uexp" 829
"../../../Engine/Content/Functions/Engine_MaterialFunctions02/Utility/BreakOutFloat4Components.uasset" 830
"../../../Engine/Content/Functions/Engine_MaterialFunctions02/Utility/BreakOutFloat4Components.uexp" 831
"../../../Engine/Content/EngineSky/VolumetricClouds/T_CloudPattern.uasset" 832
"../../../Engine/Content/EngineSky/VolumetricClouds/T_CloudPattern.ubulk" 833
"../../../Engine/Content/EngineSky/VolumetricClouds/T_CloudPattern.uexp" 834
"../../../Engine/Content/EngineSky/VolumetricClouds/VT_PerlinWorley_Balanced.uasset" 835
"../../../Engine/Content/EngineSky/VolumetricClouds/VT_PerlinWorley_Balanced.uexp" 836
"../../../Engine/Content/EngineSky/VolumetricClouds/m_SimpleVolumetricCloud.uasset" 837
"../../../Engine/Content/EngineSky/VolumetricClouds/m_SimpleVolumetricCloud.uexp" 838
"../../../Engine/Content/EngineSky/VolumetricClouds/m_SimpleVolumetricCloud_Inst.uasset" 839
"../../../Engine/Content/EngineSky/VolumetricClouds/m_SimpleVolumetricCloud_Inst.uexp" 840
"../../../Engine/Content/EditorMaterials/Camera/CineMat.uasset" 841
"../../../Engine/Content/EditorMaterials/Camera/CineMat.uexp" 842
"../../../Engine/Content/EditorMaterials/Camera/MI_CineMat_Rig.uasset" 843
"../../../Engine/Content/EditorMaterials/Camera/MI_CineMat_Rig.uexp" 844
"../../../Engine/Content/EditorMeshes/Camera/SM_RailRig_Track.uasset" 845
"../../../Engine/Content/EditorMeshes/Camera/SM_RailRig_Track.ubulk" 846
"../../../Engine/Content/EditorMeshes/Camera/SM_RailRig_Track.uexp" 847
"../../../Engine/Content/EditorMeshes/Camera/SM_RailRig_Mount.uasset" 848
"../../../Engine/Content/EditorMeshes/Camera/SM_RailRig_Mount.ubulk" 849
"../../../Engine/Content/EditorMeshes/Camera/SM_RailRig_Mount.uexp" 850
"../../../Engine/Content/EditorMeshes/Camera/SM_CraneRig_Mount.uasset" 851
"../../../Engine/Content/EditorMeshes/Camera/SM_CraneRig_Mount.ubulk" 852
"../../../Engine/Content/EditorMeshes/Camera/SM_CraneRig_Mount.uexp" 853
"../../../Engine/Content/EditorMeshes/Camera/SM_CraneRig_Body.uasset" 854
"../../../Engine/Content/EditorMeshes/Camera/SM_CraneRig_Body.ubulk" 855
"../../../Engine/Content/EditorMeshes/Camera/SM_CraneRig_Body.uexp" 856
"../../../Engine/Content/EditorMeshes/Camera/SM_CraneRig_Base.uasset" 857
"../../../Engine/Content/EditorMeshes/Camera/SM_CraneRig_Base.ubulk" 858
"../../../Engine/Content/EditorMeshes/Camera/SM_CraneRig_Base.uexp" 859
"../../../Engine/Content/EditorMeshes/Camera/SM_CraneRig_Arm.uasset" 860
"../../../Engine/Content/EditorMeshes/Camera/SM_CraneRig_Arm.ubulk" 861
"../../../Engine/Content/EditorMeshes/Camera/SM_CraneRig_Arm.uexp" 862
"../../../Engine/Content/EngineMaterials/Substrate/GLints2/AGlintTex2dArray2.uasset" 863
"../../../Engine/Content/EngineMaterials/Substrate/GLints2/AGlintTex2dArray2.uexp" 864
"../../../Engine/Content/EngineMaterials/Substrate/GLints/AGlintTex2dArray.uasset" 865
"../../../Engine/Content/EngineMaterials/Substrate/GLints/AGlintTex2dArray.uexp" 866
"../../../Engine/Content/ArtTools/RenderToTexture/Meshes/S_1_Unit_Plane.uasset" 867
"../../../Engine/Content/ArtTools/RenderToTexture/Meshes/S_1_Unit_Plane.ubulk" 868
"../../../Engine/Content/ArtTools/RenderToTexture/Meshes/S_1_Unit_Plane.uexp" 869
"E:/Uni materials (SSD)/Year 3/Final Year Individual Project/NetworkPr/Content/Platformer_8_Underworld/Textures/T_Stone_Normal.uasset" 870
"E:/Uni materials (SSD)/Year 3/Final Year Individual Project/NetworkPr/Content/Platformer_8_Underworld/Textures/T_Stone_Normal.ubulk" 871
"E:/Uni materials (SSD)/Year 3/Final Year Individual Project/NetworkPr/Content/Platformer_8_Underworld/Textures/T_Stone_Normal.uexp" 872
"E:/Uni materials (SSD)/Year 3/Final Year Individual Project/NetworkPr/Content/Platformer_8_Underworld/Textures/T_Textures.uasset" 873
"E:/Uni materials (SSD)/Year 3/Final Year Individual Project/NetworkPr/Content/Platformer_8_Underworld/Textures/T_Textures.ubulk" 874
"E:/Uni materials (SSD)/Year 3/Final Year Individual Project/NetworkPr/Content/Platformer_8_Underworld/Textures/T_Textures.uexp" 875
"E:/Uni materials (SSD)/Year 3/Final Year Individual Project/NetworkPr/Content/Platformer_8_Underworld/Materials/M_Color.uasset" 876
"E:/Uni materials (SSD)/Year 3/Final Year Individual Project/NetworkPr/Content/Platformer_8_Underworld/Materials/M_Color.uexp" 877
"E:/Uni materials (SSD)/Year 3/Final Year Individual Project/NetworkPr/Content/Platformer_8_Underworld/Materials/M_Metal.uasset" 878
"E:/Uni materials (SSD)/Year 3/Final Year Individual Project/NetworkPr/Content/Platformer_8_Underworld/Materials/M_Metal.uexp" 879
"E:/Uni materials (SSD)/Year 3/Final Year Individual Project/NetworkPr/Content/Platformer_8_Underworld/Meshes/SM_circle_001.uasset" 880
"E:/Uni materials (SSD)/Year 3/Final Year Individual Project/NetworkPr/Content/Platformer_8_Underworld/Meshes/SM_circle_001.ubulk" 881
"E:/Uni materials (SSD)/Year 3/Final Year Individual Project/NetworkPr/Content/Platformer_8_Underworld/Meshes/SM_circle_001.uexp" 882
"E:/Uni materials (SSD)/Year 3/Final Year Individual Project/NetworkPr/Content/Platformer_8_Underworld/Meshes/SM_ruins_001.uasset" 883
"E:/Uni materials (SSD)/Year 3/Final Year Individual Project/NetworkPr/Content/Platformer_8_Underworld/Meshes/SM_ruins_001.ubulk" 884
"E:/Uni materials (SSD)/Year 3/Final Year Individual Project/NetworkPr/Content/Platformer_8_Underworld/Meshes/SM_ruins_001.uexp" 885
"E:/Uni materials (SSD)/Year 3/Final Year Individual Project/NetworkPr/Content/Platformer_8_Underworld/Meshes/SM_ruins_002.uasset" 886
"E:/Uni materials (SSD)/Year 3/Final Year Individual Project/NetworkPr/Content/Platformer_8_Underworld/Meshes/SM_ruins_002.ubulk" 887
"E:/Uni materials (SSD)/Year 3/Final Year Individual Project/NetworkPr/Content/Platformer_8_Underworld/Meshes/SM_ruins_002.uexp" 888
"E:/Uni materials (SSD)/Year 3/Final Year Individual Project/NetworkPr/Content/Blueprints/BP_KillZone.uasset" 889
"E:/Uni materials (SSD)/Year 3/Final Year Individual Project/NetworkPr/Content/Blueprints/BP_KillZone.uexp" 890
"../../../Engine/Plugins/FX/Niagara/Content/Enums/SpriteRenderer/ENiagara_ScaleSpriteSize.uasset" 891
"../../../Engine/Plugins/FX/Niagara/Content/Enums/SpriteRenderer/ENiagara_ScaleSpriteSize.uexp" 892
"../../../Engine/Plugins/FX/Niagara/Content/Enums/ENiagaraSphereDistributionMode.uasset" 893
"../../../Engine/Plugins/FX/Niagara/Content/Enums/ENiagaraSphereDistributionMode.uexp" 894
"../../../Engine/Plugins/FX/Niagara/Content/Enums/ENiagaraRandomnessMode.uasset" 895
"../../../Engine/Plugins/FX/Niagara/Content/Enums/ENiagaraRandomnessMode.uexp" 896
"../../../Engine/Plugins/FX/Niagara/Content/Enums/ENiagaraRandomnessEvaluation.uasset" 897
"../../../Engine/Plugins/FX/Niagara/Content/Enums/ENiagaraRandomnessEvaluation.uexp" 898
"../../../Engine/Plugins/FX/Niagara/Content/Enums/ENiagara_MassInitializationMode.uasset" 899
"../../../Engine/Plugins/FX/Niagara/Content/Enums/ENiagara_MassInitializationMode.uexp" 900
"../../../Engine/Plugins/FX/Niagara/Content/Enums/ENiagaraCollisionRadiusOptions.uasset" 901
"../../../Engine/Plugins/FX/Niagara/Content/Enums/ENiagaraCollisionRadiusOptions.uexp" 902
"../../../Engine/Plugins/FX/Niagara/Content/DefaultAssets/DefaultSpriteMaterial.uasset" 903
"../../../Engine/Plugins/FX/Niagara/Content/DefaultAssets/DefaultSpriteMaterial.uexp" 904
"../../../Engine/Plugins/FX/Niagara/Content/Enums/ENiagaraFrictionMergeType.uasset" 905
"../../../Engine/Plugins/FX/Niagara/Content/Enums/ENiagaraFrictionMergeType.uexp" 906
"../../../Engine/Plugins/FX/Niagara/Content/Enums/ENiagara_PositionInitializationMode.uasset" 907
"../../../Engine/Plugins/FX/Niagara/Content/Enums/ENiagara_PositionInitializationMode.uexp" 908
"../../../Engine/Plugins/FX/Niagara/Content/Icons/Modules/T_Icon_Solver_LimitSpeed.uasset" 909
"../../../Engine/Plugins/FX/Niagara/Content/Icons/Modules/T_Icon_Solver_LimitSpeed.uexp" 910
"../../../Engine/Plugins/FX/Niagara/Content/Icons/Modules/T_Icon_Solver_RotationalSolve.uasset" 911
"../../../Engine/Plugins/FX/Niagara/Content/Icons/Modules/T_Icon_Solver_RotationalSolve.uexp" 912
"../../../Engine/Plugins/FX/Niagara/Content/Icons/Modules/T_Icon_Solver_LimitAccel.uasset" 913
"../../../Engine/Plugins/FX/Niagara/Content/Icons/Modules/T_Icon_Solver_LimitAccel.uexp" 914
"E:/Uni materials (SSD)/Year 3/Final Year Individual Project/NetworkPr/Content/F_AnimeExplosions/Fx_Materials/Textures/T_Flare_1aa.uasset" 915
"E:/Uni materials (SSD)/Year 3/Final Year Individual Project/NetworkPr/Content/F_AnimeExplosions/Fx_Materials/Textures/T_Flare_1aa.ubulk" 916
"E:/Uni materials (SSD)/Year 3/Final Year Individual Project/NetworkPr/Content/F_AnimeExplosions/Fx_Materials/Textures/T_Flare_1aa.uexp" 917
"E:/Uni materials (SSD)/Year 3/Final Year Individual Project/NetworkPr/Content/F_AnimeExplosions/Fx_Materials/M_Flare.uasset" 918
"E:/Uni materials (SSD)/Year 3/Final Year Individual Project/NetworkPr/Content/F_AnimeExplosions/Fx_Materials/M_Flare.uexp" 919
"E:/Uni materials (SSD)/Year 3/Final Year Individual Project/NetworkPr/Content/F_AnimeExplosions/Fx_Materials/Textures/T_Flare_1.uasset" 920
"E:/Uni materials (SSD)/Year 3/Final Year Individual Project/NetworkPr/Content/F_AnimeExplosions/Fx_Materials/Textures/T_Flare_1.ubulk" 921
"E:/Uni materials (SSD)/Year 3/Final Year Individual Project/NetworkPr/Content/F_AnimeExplosions/Fx_Materials/Textures/T_Flare_1.uexp" 922
"E:/Uni materials (SSD)/Year 3/Final Year Individual Project/NetworkPr/Content/F_AnimeExplosions/Fx_Materials/M_Flare_2.uasset" 923
"E:/Uni materials (SSD)/Year 3/Final Year Individual Project/NetworkPr/Content/F_AnimeExplosions/Fx_Materials/M_Flare_2.uexp" 924
"../../../Engine/Plugins/FX/Niagara/Content/Enums/ENiagaraScaleColorMode.uasset" 925
"../../../Engine/Plugins/FX/Niagara/Content/Enums/ENiagaraScaleColorMode.uexp" 926
"../../../Engine/Plugins/FX/Niagara/Content/Enums/ENiagara_SizeScaleMode.uasset" 927
"../../../Engine/Plugins/FX/Niagara/Content/Enums/ENiagara_SizeScaleMode.uexp" 928
"../../../Engine/Plugins/FX/Niagara/Content/Enums/ENiagara_UVFlippingMode.uasset" 929
"../../../Engine/Plugins/FX/Niagara/Content/Enums/ENiagara_UVFlippingMode.uexp" 930
"../../../Engine/Plugins/FX/Niagara/Content/Enums/ENiagara_GPUCollisionType.uasset" 931
"../../../Engine/Plugins/FX/Niagara/Content/Enums/ENiagara_GPUCollisionType.uexp" 932
"E:/Uni materials (SSD)/Year 3/Final Year Individual Project/NetworkPr/Content/F_AnimeExplosions/Fx_Materials/M_Glow_Flickered.uasset" 933
"E:/Uni materials (SSD)/Year 3/Final Year Individual Project/NetworkPr/Content/F_AnimeExplosions/Fx_Materials/M_Glow_Flickered.uexp" 934
"../../../Engine/Plugins/FX/Niagara/Content/Enums/Ribbons/ENiagara_UnsetDirectSetRandom.uasset" 935
"../../../Engine/Plugins/FX/Niagara/Content/Enums/Ribbons/ENiagara_UnsetDirectSetRandom.uexp" 936
"../../../Engine/Plugins/FX/Niagara/Content/Enums/ENiagara_LifetimeMode.uasset" 937
"../../../Engine/Plugins/FX/Niagara/Content/Enums/ENiagara_LifetimeMode.uexp" 938
"../../../Engine/Plugins/FX/Niagara/Content/Enums/Ribbons/ENiagara_UnsetDirectSet.uasset" 939
"../../../Engine/Plugins/FX/Niagara/Content/Enums/Ribbons/ENiagara_UnsetDirectSet.uexp" 940
"../../../Engine/Plugins/FX/Niagara/Content/Enums/ENiagara_SpriteRotationMode.uasset" 941
"../../../Engine/Plugins/FX/Niagara/Content/Enums/ENiagara_SpriteRotationMode.uexp" 942
"../../../Engine/Plugins/FX/Niagara/Content/Enums/ENiagara_ColorInitializationMode.uasset" 943
"../../../Engine/Plugins/FX/Niagara/Content/Enums/ENiagara_ColorInitializationMode.uexp" 944
"../../../Engine/Plugins/FX/Niagara/Content/Enums/ENiagaraChannelCorrelation.uasset" 945
"../../../Engine/Plugins/FX/Niagara/Content/Enums/ENiagaraChannelCorrelation.uexp" 946
"E:/Uni materials (SSD)/Year 3/Final Year Individual Project/NetworkPr/Content/F_AnimeExplosions/Fx_Materials/Textures/T_Vert_Hardlinme.uasset" 947
"E:/Uni materials (SSD)/Year 3/Final Year Individual Project/NetworkPr/Content/F_AnimeExplosions/Fx_Materials/Textures/T_Vert_Hardlinme.ubulk" 948
"E:/Uni materials (SSD)/Year 3/Final Year Individual Project/NetworkPr/Content/F_AnimeExplosions/Fx_Materials/Textures/T_Vert_Hardlinme.uexp" 949
"E:/Uni materials (SSD)/Year 3/Final Year Individual Project/NetworkPr/Content/F_AnimeExplosions/Fx_Materials/Textures/T_Noise12.uasset" 950
"E:/Uni materials (SSD)/Year 3/Final Year Individual Project/NetworkPr/Content/F_AnimeExplosions/Fx_Materials/Textures/T_Noise12.ubulk" 951
"E:/Uni materials (SSD)/Year 3/Final Year Individual Project/NetworkPr/Content/F_AnimeExplosions/Fx_Materials/Textures/T_Noise12.uexp" 952
"../../../Engine/Content/Functions/Engine_MaterialFunctions02/Utility/DitherTemporalAA.uasset" 953
"../../../Engine/Content/Functions/Engine_MaterialFunctions02/Utility/DitherTemporalAA.uexp" 954
"E:/Uni materials (SSD)/Year 3/Final Year Individual Project/NetworkPr/Content/F_AnimeExplosions/Fx_Materials/M_Master_sA_Stylz_Exp_2.uasset" 955
"E:/Uni materials (SSD)/Year 3/Final Year Individual Project/NetworkPr/Content/F_AnimeExplosions/Fx_Materials/M_Master_sA_Stylz_Exp_2.uexp" 956
"E:/Uni materials (SSD)/Year 3/Final Year Individual Project/NetworkPr/Content/F_AnimeExplosions/Fx_Materials/MI_Transparent_1.uasset" 957
"E:/Uni materials (SSD)/Year 3/Final Year Individual Project/NetworkPr/Content/F_AnimeExplosions/Fx_Materials/MI_Transparent_1.uexp" 958
"E:/Uni materials (SSD)/Year 3/Final Year Individual Project/NetworkPr/Content/F_AnimeExplosions/Fx_Materials/MI_Transparent_2.uasset" 959
"E:/Uni materials (SSD)/Year 3/Final Year Individual Project/NetworkPr/Content/F_AnimeExplosions/Fx_Materials/MI_Transparent_2.uexp" 960
"../../../Engine/Plugins/FX/Niagara/Content/Enums/ENiagaraEmitterLifeCycleMode.uasset" 961
"../../../Engine/Plugins/FX/Niagara/Content/Enums/ENiagaraEmitterLifeCycleMode.uexp" 962
"../../../Engine/Plugins/FX/Niagara/Content/Enums/ENiagara_InfiniteLoopDuration.uasset" 963
"../../../Engine/Plugins/FX/Niagara/Content/Enums/ENiagara_InfiniteLoopDuration.uexp" 964
"../../../Engine/Plugins/FX/Niagara/Content/Enums/ENiagara_EmitterStateOptions.uasset" 965
"../../../Engine/Plugins/FX/Niagara/Content/Enums/ENiagara_EmitterStateOptions.uexp" 966
"../../../Engine/Plugins/FX/Niagara/Content/Enums/ENiagaraInactiveMode.uasset" 967
"../../../Engine/Plugins/FX/Niagara/Content/Enums/ENiagaraInactiveMode.uexp" 968
"../../../Engine/Plugins/FX/Niagara/Content/Enums/ENiagaraEmitterScalabilityMode_Limited.uasset" 969
"../../../Engine/Plugins/FX/Niagara/Content/Enums/ENiagaraEmitterScalabilityMode_Limited.uexp" 970
"../../../Engine/Plugins/FX/Niagara/Content/Enums/ENiagaraCalculateRadiusOptions.uasset" 971
"../../../Engine/Plugins/FX/Niagara/Content/Enums/ENiagaraCalculateRadiusOptions.uexp" 972
"../../../Engine/Plugins/FX/Niagara/Content/Enums/ENiagaraSystemInactiveMode.uasset" 973
"../../../Engine/Plugins/FX/Niagara/Content/Enums/ENiagaraSystemInactiveMode.uexp" 974
"E:/Uni materials (SSD)/Year 3/Final Year Individual Project/NetworkPr/Content/F_AnimeExplosions/Fx_Materials/Textures/T_MaskShape_1.uasset" 975
"E:/Uni materials (SSD)/Year 3/Final Year Individual Project/NetworkPr/Content/F_AnimeExplosions/Fx_Materials/Textures/T_MaskShape_1.ubulk" 976
"E:/Uni materials (SSD)/Year 3/Final Year Individual Project/NetworkPr/Content/F_AnimeExplosions/Fx_Materials/Textures/T_MaskShape_1.uexp" 977
"E:/Uni materials (SSD)/Year 3/Final Year Individual Project/NetworkPr/Content/F_AnimeExplosions/Fx_Materials/Textures/T_OpacityMask_1.uasset" 978
"E:/Uni materials (SSD)/Year 3/Final Year Individual Project/NetworkPr/Content/F_AnimeExplosions/Fx_Materials/Textures/T_OpacityMask_1.ubulk" 979
"E:/Uni materials (SSD)/Year 3/Final Year Individual Project/NetworkPr/Content/F_AnimeExplosions/Fx_Materials/Textures/T_OpacityMask_1.uexp" 980
"E:/Uni materials (SSD)/Year 3/Final Year Individual Project/NetworkPr/Content/F_AnimeExplosions/Fx_Materials/Textures/T_Emissive_Color_1.uasset" 981
"E:/Uni materials (SSD)/Year 3/Final Year Individual Project/NetworkPr/Content/F_AnimeExplosions/Fx_Materials/Textures/T_Emissive_Color_1.ubulk" 982
"E:/Uni materials (SSD)/Year 3/Final Year Individual Project/NetworkPr/Content/F_AnimeExplosions/Fx_Materials/Textures/T_Emissive_Color_1.uexp" 983
"E:/Uni materials (SSD)/Year 3/Final Year Individual Project/NetworkPr/Content/F_AnimeExplosions/Fx_Materials/Textures/T_Noise00.uasset" 984
"E:/Uni materials (SSD)/Year 3/Final Year Individual Project/NetworkPr/Content/F_AnimeExplosions/Fx_Materials/Textures/T_Noise00.ubulk" 985
"E:/Uni materials (SSD)/Year 3/Final Year Individual Project/NetworkPr/Content/F_AnimeExplosions/Fx_Materials/Textures/T_Noise00.uexp" 986
"E:/Uni materials (SSD)/Year 3/Final Year Individual Project/NetworkPr/Content/F_AnimeExplosions/Fx_Materials/M_Explosiondenemee.uasset" 987
"E:/Uni materials (SSD)/Year 3/Final Year Individual Project/NetworkPr/Content/F_AnimeExplosions/Fx_Materials/M_Explosiondenemee.uexp" 988
"E:/Uni materials (SSD)/Year 3/Final Year Individual Project/NetworkPr/Content/F_AnimeExplosions/Fx_Materials/MI_Explosion_Anime_1.uasset" 989
"E:/Uni materials (SSD)/Year 3/Final Year Individual Project/NetworkPr/Content/F_AnimeExplosions/Fx_Materials/MI_Explosion_Anime_1.uexp" 990
"E:/Uni materials (SSD)/Year 3/Final Year Individual Project/NetworkPr/Content/F_AnimeExplosions/Fx_Meshes/SM_Cloud_3.uasset" 991
"E:/Uni materials (SSD)/Year 3/Final Year Individual Project/NetworkPr/Content/F_AnimeExplosions/Fx_Meshes/SM_Cloud_3.ubulk" 992
"E:/Uni materials (SSD)/Year 3/Final Year Individual Project/NetworkPr/Content/F_AnimeExplosions/Fx_Meshes/SM_Cloud_3.uexp" 993
"../../../Engine/Plugins/FX/Niagara/Content/Enums/ENiagara_CPUCollisionType.uasset" 994
"../../../Engine/Plugins/FX/Niagara/Content/Enums/ENiagara_CPUCollisionType.uexp" 995
"../../../Engine/Plugins/FX/Niagara/Content/Enums/ENiagara_AttributeSamplingApplyOutput.uasset" 996
"../../../Engine/Plugins/FX/Niagara/Content/Enums/ENiagara_AttributeSamplingApplyOutput.uexp" 997
"../../../Engine/Plugins/FX/Niagara/Content/Enums/ENiagaraRestitutionMergeType.uasset" 998
"../../../Engine/Plugins/FX/Niagara/Content/Enums/ENiagaraRestitutionMergeType.uexp" 999
"E:/Uni materials (SSD)/Year 3/Final Year Individual Project/NetworkPr/Content/F_AnimeExplosions/Fx_Materials/Textures/T_Dust_Debris.uasset" 1000
"E:/Uni materials (SSD)/Year 3/Final Year Individual Project/NetworkPr/Content/F_AnimeExplosions/Fx_Materials/Textures/T_Dust_Debris.ubulk" 1001
"E:/Uni materials (SSD)/Year 3/Final Year Individual Project/NetworkPr/Content/F_AnimeExplosions/Fx_Materials/Textures/T_Dust_Debris.uexp" 1002
"E:/Uni materials (SSD)/Year 3/Final Year Individual Project/NetworkPr/Content/F_AnimeExplosions/Fx_Materials/M_StoneDebris.uasset" 1003
"E:/Uni materials (SSD)/Year 3/Final Year Individual Project/NetworkPr/Content/F_AnimeExplosions/Fx_Materials/M_StoneDebris.uexp" 1004
"../../../Engine/Plugins/FX/Niagara/Content/Icons/Modules/T_Icon_Particle_InfiniteLife.uasset" 1005
"../../../Engine/Plugins/FX/Niagara/Content/Icons/Modules/T_Icon_Particle_InfiniteLife.uexp" 1006
"../../../Engine/Plugins/FX/Niagara/Content/Enums/ENiagara_Float4Channel.uasset" 1007
"../../../Engine/Plugins/FX/Niagara/Content/Enums/ENiagara_Float4Channel.uexp" 1008
"../../../Engine/Plugins/FX/Niagara/Content/Enums/Collision/SceneDepthCollisionQueryMethod.uasset" 1009
"../../../Engine/Plugins/FX/Niagara/Content/Enums/Collision/SceneDepthCollisionQueryMethod.uexp" 1010
"../../../Engine/Plugins/FX/Niagara/Content/Enums/ENiagaraVector4_Channels.uasset" 1011
"../../../Engine/Plugins/FX/Niagara/Content/Enums/ENiagaraVector4_Channels.uexp" 1012
"E:/Uni materials (SSD)/Year 3/Final Year Individual Project/NetworkPr/Content/F_AnimeExplosions/Fx/NS_AnimeExplosion_1.uasset" 1013
"E:/Uni materials (SSD)/Year 3/Final Year Individual Project/NetworkPr/Content/F_AnimeExplosions/Fx/NS_AnimeExplosion_1.uexp" 1014
"E:/Uni materials (SSD)/Year 3/Final Year Individual Project/NetworkPr/Content/Assets/Textures/lava_rocks_01_ambient_occlusion_1k.uasset" 1015
"E:/Uni materials (SSD)/Year 3/Final Year Individual Project/NetworkPr/Content/Assets/Textures/lava_rocks_01_ambient_occlusion_1k.ubulk" 1016
"E:/Uni materials (SSD)/Year 3/Final Year Individual Project/NetworkPr/Content/Assets/Textures/lava_rocks_01_ambient_occlusion_1k.uexp" 1017
"E:/Uni materials (SSD)/Year 3/Final Year Individual Project/NetworkPr/Content/Assets/Textures/lava_rocks_01_color_1k.uasset" 1018
"E:/Uni materials (SSD)/Year 3/Final Year Individual Project/NetworkPr/Content/Assets/Textures/lava_rocks_01_color_1k.ubulk" 1019
"E:/Uni materials (SSD)/Year 3/Final Year Individual Project/NetworkPr/Content/Assets/Textures/lava_rocks_01_color_1k.uexp" 1020
"E:/Uni materials (SSD)/Year 3/Final Year Individual Project/NetworkPr/Content/Assets/Textures/lava_rocks_01_roughness_1k.uasset" 1021
"E:/Uni materials (SSD)/Year 3/Final Year Individual Project/NetworkPr/Content/Assets/Textures/lava_rocks_01_roughness_1k.ubulk" 1022
"E:/Uni materials (SSD)/Year 3/Final Year Individual Project/NetworkPr/Content/Assets/Textures/lava_rocks_01_roughness_1k.uexp" 1023
"E:/Uni materials (SSD)/Year 3/Final Year Individual Project/NetworkPr/Content/Assets/Textures/lava_rocks_01_normal_gl_1k.uasset" 1024
"E:/Uni materials (SSD)/Year 3/Final Year Individual Project/NetworkPr/Content/Assets/Textures/lava_rocks_01_normal_gl_1k.ubulk" 1025
"E:/Uni materials (SSD)/Year 3/Final Year Individual Project/NetworkPr/Content/Assets/Textures/lava_rocks_01_normal_gl_1k.uexp" 1026
"E:/Uni materials (SSD)/Year 3/Final Year Individual Project/NetworkPr/Content/Assets/Materials/M_Rock.uasset" 1027
"E:/Uni materials (SSD)/Year 3/Final Year Individual Project/NetworkPr/Content/Assets/Materials/M_Rock.uexp" 1028
"E:/Uni materials (SSD)/Year 3/Final Year Individual Project/NetworkPr/Content/Assets/Meshes/SM_Meteor.uasset" 1029
"E:/Uni materials (SSD)/Year 3/Final Year Individual Project/NetworkPr/Content/Assets/Meshes/SM_Meteor.ubulk" 1030
"E:/Uni materials (SSD)/Year 3/Final Year Individual Project/NetworkPr/Content/Assets/Meshes/SM_Meteor.uexp" 1031
"../../../Engine/Content/BasicShapes/Sphere.uasset" 1032
"../../../Engine/Content/BasicShapes/Sphere.ubulk" 1033
"../../../Engine/Content/BasicShapes/Sphere.uexp" 1034
"E:/Uni materials (SSD)/Year 3/Final Year Individual Project/NetworkPr/Content/Assets/Materials/M_Red.uasset" 1035
"E:/Uni materials (SSD)/Year 3/Final Year Individual Project/NetworkPr/Content/Assets/Materials/M_Red.uexp" 1036
"E:/Uni materials (SSD)/Year 3/Final Year Individual Project/NetworkPr/Content/Blueprints/BP_PreviewMeteor.uasset" 1037
"E:/Uni materials (SSD)/Year 3/Final Year Individual Project/NetworkPr/Content/Blueprints/BP_PreviewMeteor.uexp" 1038
"E:/Uni materials (SSD)/Year 3/Final Year Individual Project/NetworkPr/Content/Blueprints/BP_MeteorBase.uasset" 1039
"E:/Uni materials (SSD)/Year 3/Final Year Individual Project/NetworkPr/Content/Blueprints/BP_MeteorBase.uexp" 1040
"E:/Uni materials (SSD)/Year 3/Final Year Individual Project/NetworkPr/Content/Blueprints/BP_MeteorManager.uasset" 1041
"E:/Uni materials (SSD)/Year 3/Final Year Individual Project/NetworkPr/Content/Blueprints/BP_MeteorManager.uexp" 1042
"../../../Engine/Content/EngineResources/LandscapeVisibilityLayerInfo.uasset" 1043
"../../../Engine/Content/EngineResources/LandscapeVisibilityLayerInfo.uexp" 1044
"../../../Engine/Content/VREditor/TransformGizmo/StartRotationHandleIndicator.uasset" 1045
"../../../Engine/Content/VREditor/TransformGizmo/StartRotationHandleIndicator.ubulk" 1046
"../../../Engine/Content/VREditor/TransformGizmo/StartRotationHandleIndicator.uexp" 1047
"../../../Engine/Content/VREditor/Sounds/UI/Drop_Item_From_ContentBrowser.uasset" 1048
"../../../Engine/Content/VREditor/Sounds/UI/Drop_Item_From_ContentBrowser.ubulk" 1049
"../../../Engine/Content/VREditor/Sounds/UI/Drop_Item_From_ContentBrowser.uexp" 1050
"../../../Engine/Content/VREditor/TransformGizmo/PlaneTranslationHandle.uasset" 1051
"../../../Engine/Content/VREditor/TransformGizmo/PlaneTranslationHandle.ubulk" 1052
"../../../Engine/Content/VREditor/TransformGizmo/PlaneTranslationHandle.uexp" 1053
"../../../Engine/Content/VREditor/Sounds/UI/Object_Snaps_To_Grid.uasset" 1054
"../../../Engine/Content/VREditor/Sounds/UI/Object_Snaps_To_Grid.ubulk" 1055
"../../../Engine/Content/VREditor/Sounds/UI/Object_Snaps_To_Grid.uexp" 1056
"../../../Engine/Content/VREditor/Sounds/UI/Selection_Changes.uasset" 1057
"../../../Engine/Content/VREditor/Sounds/UI/Selection_Changes.ubulk" 1058
"../../../Engine/Content/VREditor/Sounds/UI/Selection_Changes.uexp" 1059
"../../../Engine/Content/VREditor/Sounds/UI/Object_Snaps_To_Another_Actor.uasset" 1060
"../../../Engine/Content/VREditor/Sounds/UI/Object_Snaps_To_Another_Actor.ubulk" 1061
"../../../Engine/Content/VREditor/Sounds/UI/Object_Snaps_To_Another_Actor.uexp" 1062
"../../../Engine/Content/VREditor/TransformGizmo/TranslucentTransformGizmoMaterial_Inst.uasset" 1063
"../../../Engine/Content/VREditor/TransformGizmo/TranslucentTransformGizmoMaterial_Inst.uexp" 1064
"../../../Engine/Content/VREditor/TransformGizmo/TransformGizmoFreeRotation.uasset" 1065
"../../../Engine/Content/VREditor/TransformGizmo/TransformGizmoFreeRotation.ubulk" 1066
"../../../Engine/Content/VREditor/TransformGizmo/TransformGizmoFreeRotation.uexp" 1067
"../../../Engine/Content/VREditor/Sounds/UI/Scaling_Down.uasset" 1068
"../../../Engine/Content/VREditor/Sounds/UI/Scaling_Down.ubulk" 1069
"../../../Engine/Content/VREditor/Sounds/UI/Scaling_Down.uexp" 1070
"../../../Engine/Content/Functions/Engine_MaterialFunctions02/SplitComponents.uasset" 1071
"../../../Engine/Content/Functions/Engine_MaterialFunctions02/SplitComponents.uexp" 1072
"../../../Engine/Content/VREditor/SnapGrid/SnapGridMaterial.uasset" 1073
"../../../Engine/Content/VREditor/SnapGrid/SnapGridMaterial.uexp" 1074
"../../../Engine/Content/VREditor/SnapGrid/SnapGridPlaneMesh.uasset" 1075
"../../../Engine/Content/VREditor/SnapGrid/SnapGridPlaneMesh.ubulk" 1076
"../../../Engine/Content/VREditor/SnapGrid/SnapGridPlaneMesh.uexp" 1077
"../../../Engine/Content/VREditor/Sounds/UI/Scaling_Up.uasset" 1078
"../../../Engine/Content/VREditor/Sounds/UI/Scaling_Up.ubulk" 1079
"../../../Engine/Content/VREditor/Sounds/UI/Scaling_Up.uexp" 1080
"../../../Engine/Content/VREditor/TransformGizmo/TransformGizmoMaterial_Inst.uasset" 1081
"../../../Engine/Content/VREditor/TransformGizmo/TransformGizmoMaterial_Inst.uexp" 1082
"../../../Engine/Content/VREditor/Sounds/UI/Gizmo_Handle_Clicked.uasset" 1083
"../../../Engine/Content/VREditor/Sounds/UI/Gizmo_Handle_Clicked.ubulk" 1084
"../../../Engine/Content/VREditor/Sounds/UI/Gizmo_Handle_Clicked.uexp" 1085
"../../../Engine/Content/VREditor/TransformGizmo/RotationHandleQuarter.uasset" 1086
"../../../Engine/Content/VREditor/TransformGizmo/RotationHandleQuarter.ubulk" 1087
"../../../Engine/Content/VREditor/TransformGizmo/RotationHandleQuarter.uexp" 1088
"../../../Engine/Content/VREditor/TransformGizmo/TranslateArrowHandle.uasset" 1089
"../../../Engine/Content/VREditor/TransformGizmo/TranslateArrowHandle.ubulk" 1090
"../../../Engine/Content/VREditor/TransformGizmo/TranslateArrowHandle.uexp" 1091
"../../../Engine/Content/VREditor/TransformGizmo/RotationHandleIndicator.uasset" 1092
"../../../Engine/Content/VREditor/TransformGizmo/RotationHandleIndicator.ubulk" 1093
"../../../Engine/Content/VREditor/TransformGizmo/RotationHandleIndicator.uexp" 1094
"../../../Engine/Content/VREditor/TransformGizmo/UniformScaleHandle.uasset" 1095
"../../../Engine/Content/VREditor/TransformGizmo/UniformScaleHandle.ubulk" 1096
"../../../Engine/Content/VREditor/TransformGizmo/UniformScaleHandle.uexp" 1097
"../../../Engine/Content/VREditor/TransformGizmo/RotationHandleFull.uasset" 1098
"../../../Engine/Content/VREditor/TransformGizmo/RotationHandleFull.ubulk" 1099
"../../../Engine/Content/VREditor/TransformGizmo/RotationHandleFull.uexp" 1100
"../../../Engine/Content/VREditor/Sounds/UI/Object_PickUp.uasset" 1101
"../../../Engine/Content/VREditor/Sounds/UI/Object_PickUp.ubulk" 1102
"../../../Engine/Content/VREditor/Sounds/UI/Object_PickUp.uexp" 1103
"../../../Engine/Plugins/Animation/DeformerGraph/Content/DeformerFunctions/DG_Function_ComputeNormalsTangents.uasset" 1104
"../../../Engine/Plugins/Animation/DeformerGraph/Content/DeformerFunctions/DG_Function_ComputeNormalsTangents.uexp" 1105
"../../../Engine/Plugins/Animation/DeformerGraph/Content/DeformerFunctions/DG_Function_LinearBlendSkin_Morph_Cloth.uasset" 1106
"../../../Engine/Plugins/Animation/DeformerGraph/Content/DeformerFunctions/DG_Function_LinearBlendSkin_Morph_Cloth.uexp" 1107
"../../../Engine/Plugins/Animation/DeformerGraph/Content/DeformerFunctions/DG_Function_LinearBlendSkin_Morph_Cloth_PositionOnly.uasset" 1108
"../../../Engine/Plugins/Animation/DeformerGraph/Content/DeformerFunctions/DG_Function_LinearBlendSkin_Morph_Cloth_PositionOnly.uexp" 1109
"../../../Engine/Plugins/Animation/DeformerGraph/Content/Deformers/DG_LinearBlendSkin_Morph_Cloth.uasset" 1110
"../../../Engine/Plugins/Animation/DeformerGraph/Content/Deformers/DG_LinearBlendSkin_Morph_Cloth.uexp" 1111
"../../../Engine/Plugins/Animation/DeformerGraph/Content/Deformers/DG_LinearBlendSkin_Morph_Cloth_RecomputeNormals.uasset" 1112
"../../../Engine/Plugins/Animation/DeformerGraph/Content/Deformers/DG_LinearBlendSkin_Morph_Cloth_RecomputeNormals.uexp" 1113
"../../../Engine/Plugins/NNE/NNEDenoiser/Content/NNEDT_Oidn2-3_Balanced.uasset" 1114
"../../../Engine/Plugins/NNE/NNEDenoiser/Content/NNEDT_Oidn2-3_Balanced.uexp" 1115
"../../../Engine/Plugins/NNE/NNEDenoiser/Content/NNEDT_Oidn2-3_Balanced_Alpha.uasset" 1116
"../../../Engine/Plugins/NNE/NNEDenoiser/Content/NNEDT_Oidn2-3_Balanced_Alpha.uexp" 1117
"../../../Engine/Plugins/NNE/NNEDenoiser/Content/NNED_Oidn2-3_Balanced.uasset" 1118
"../../../Engine/Plugins/NNE/NNEDenoiser/Content/NNED_Oidn2-3_Balanced.uexp" 1119
"../../../Engine/Plugins/NNE/NNEDenoiser/Content/NNED_Oidn2-3_Balanced_Alpha.uasset" 1120
"../../../Engine/Plugins/NNE/NNEDenoiser/Content/NNED_Oidn2-3_Balanced_Alpha.uexp" 1121
"../../../Engine/Plugins/NNE/NNEDenoiser/Content/NNED_Oidn2-3_Fast.uasset" 1122
"../../../Engine/Plugins/NNE/NNEDenoiser/Content/NNED_Oidn2-3_Fast.uexp" 1123
"../../../Engine/Plugins/NNE/NNEDenoiser/Content/NNED_Oidn2-3_Fast_Alpha.uasset" 1124
"../../../Engine/Plugins/NNE/NNEDenoiser/Content/NNED_Oidn2-3_Fast_Alpha.uexp" 1125
"../../../Engine/Plugins/NNE/NNEDenoiser/Content/NNED_Oidn2-3_HighQuality.uasset" 1126
"../../../Engine/Plugins/NNE/NNEDenoiser/Content/NNED_Oidn2-3_HighQuality.uexp" 1127
"../../../Engine/Plugins/NNE/NNEDenoiser/Content/NNED_Oidn2-3_HighQuality_Alpha.uasset" 1128
"../../../Engine/Plugins/NNE/NNEDenoiser/Content/NNED_Oidn2-3_HighQuality_Alpha.uexp" 1129
"../../../Engine/Plugins/NNE/NNEDenoiser/Content/NNE_oidn2-3-0_rt_hdr_alb_nrm_small__dyn__fp16_opset11_DenoiseAlpha.uasset" 1130
"../../../Engine/Plugins/NNE/NNEDenoiser/Content/NNE_oidn2-3-0_rt_hdr_alb_nrm_small__dyn__fp16_opset11_DenoiseAlpha.uexp" 1131
"../../../Engine/Plugins/NNE/NNEDenoiser/Content/NNE_oidn2-3-0_rt_hdr_alb_nrm_small__dyn__fp16_opset11_ForwardAlpha.uasset" 1132
"../../../Engine/Plugins/NNE/NNEDenoiser/Content/NNE_oidn2-3-0_rt_hdr_alb_nrm_small__dyn__fp16_opset11_ForwardAlpha.uexp" 1133
"../../../Engine/Plugins/NNE/NNEDenoiser/Content/NNE_oidn2-3-0_rt_hdr_alb_nrm__dyn__fp16_opset11_DenoiseAlpha.uasset" 1134
"../../../Engine/Plugins/NNE/NNEDenoiser/Content/NNE_oidn2-3-0_rt_hdr_alb_nrm__dyn__fp16_opset11_DenoiseAlpha.uexp" 1135
"../../../Engine/Plugins/NNE/NNEDenoiser/Content/NNE_oidn2-3-0_rt_hdr_alb_nrm__dyn__fp16_opset11_ForwardAlpha.uasset" 1136
"../../../Engine/Plugins/NNE/NNEDenoiser/Content/NNE_oidn2-3-0_rt_hdr_alb_nrm__dyn__fp16_opset11_ForwardAlpha.uexp" 1137
"../../../Engine/Plugins/NNE/NNEDenoiser/Content/NNE_oidn2-3-0_rt_hdr_calb_cnrm_large__dyn__fp16_opset11_DenoiseAlpha.uasset" 1138
"../../../Engine/Plugins/NNE/NNEDenoiser/Content/NNE_oidn2-3-0_rt_hdr_calb_cnrm_large__dyn__fp16_opset11_DenoiseAlpha.uexp" 1139
"../../../Engine/Plugins/NNE/NNEDenoiser/Content/NNE_oidn2-3-0_rt_hdr_calb_cnrm_large__dyn__fp16_opset11_ForwardAlpha.uasset" 1140
"../../../Engine/Plugins/NNE/NNEDenoiser/Content/NNE_oidn2-3-0_rt_hdr_calb_cnrm_large__dyn__fp16_opset11_ForwardAlpha.uexp" 1141
"../../../Engine/Content/Functions/Engine_MaterialFunctions02/ExampleContent/DebugNumberStrip.uasset" 1142
"../../../Engine/Content/Functions/Engine_MaterialFunctions02/ExampleContent/DebugNumberStrip.uexp" 1143
"../../../Engine/Content/Functions/Engine_MaterialFunctions01/Texturing/ComputeMipLevel.uasset" 1144
"../../../Engine/Content/Functions/Engine_MaterialFunctions01/Texturing/ComputeMipLevel.uexp" 1145
"../../../Engine/Content/Functions/Engine_MaterialFunctions01/Texturing/TextureCropping.uasset" 1146
"../../../Engine/Content/Functions/Engine_MaterialFunctions01/Texturing/TextureCropping.uexp" 1147
"../../../Engine/Content/Functions/Engine_MaterialFunctions02/ExampleContent/Textures/DebugNumberPeriod.uasset" 1148
"../../../Engine/Content/Functions/Engine_MaterialFunctions02/ExampleContent/Textures/DebugNumberPeriod.uexp" 1149
"../../../Engine/Content/Functions/Engine_MaterialFunctions02/Utility/DebugScalarValues.uasset" 1150
"../../../Engine/Content/Functions/Engine_MaterialFunctions02/Utility/DebugScalarValues.uexp" 1151
"../../../Engine/Content/Functions/Engine_MaterialFunctions02/Utility/DebugFloat2Values.uasset" 1152
"../../../Engine/Content/Functions/Engine_MaterialFunctions02/Utility/DebugFloat2Values.uexp" 1153
"../../../Engine/Content/Functions/Engine_MaterialFunctions02/ExampleContent/Textures/flipbook.uasset" 1154
"../../../Engine/Content/Functions/Engine_MaterialFunctions02/ExampleContent/Textures/flipbook.ubulk" 1155
"../../../Engine/Content/Functions/Engine_MaterialFunctions02/ExampleContent/Textures/flipbook.uexp" 1156
"../../../Engine/Content/Functions/Engine_MaterialFunctions02/Texturing/FlipBook.uasset" 1157
"../../../Engine/Content/Functions/Engine_MaterialFunctions02/Texturing/FlipBook.uexp" 1158
"E:/Uni materials (SSD)/Year 3/Final Year Individual Project/NetworkPr/Content/LittleDragons/Textures/Eyes/Toon/T_Eye_Spreadsheet_Toon_02.uasset" 1159
"E:/Uni materials (SSD)/Year 3/Final Year Individual Project/NetworkPr/Content/LittleDragons/Textures/Eyes/Toon/T_Eye_Spreadsheet_Toon_02.uexp" 1160
"E:/Uni materials (SSD)/Year 3/Final Year Individual Project/NetworkPr/Content/LittleDragons/Textures/Eyes/Toon/T_Eye_Cat.uasset" 1161
"E:/Uni materials (SSD)/Year 3/Final Year Individual Project/NetworkPr/Content/LittleDragons/Textures/Eyes/Toon/T_Eye_Cat.ubulk" 1162
"E:/Uni materials (SSD)/Year 3/Final Year Individual Project/NetworkPr/Content/LittleDragons/Textures/Eyes/Toon/T_Eye_Cat.uexp" 1163
"../../../Engine/Content/Functions/Engine_MaterialFunctions02/HueShift.uasset" 1164
"../../../Engine/Content/Functions/Engine_MaterialFunctions02/HueShift.uexp" 1165
"E:/Uni materials (SSD)/Year 3/Final Year Individual Project/NetworkPr/Content/LittleDragons/Materials/Eyes/SpriteEyes/Mat_Eye_Cat.uasset" 1166
"E:/Uni materials (SSD)/Year 3/Final Year Individual Project/NetworkPr/Content/LittleDragons/Materials/Eyes/SpriteEyes/Mat_Eye_Cat.uexp" 1167
"E:/Uni materials (SSD)/Year 3/Final Year Individual Project/NetworkPr/Content/LittleDragons/Materials/Eyes/SpriteEyes/MI_Eye_Cat01.uasset" 1168
"E:/Uni materials (SSD)/Year 3/Final Year Individual Project/NetworkPr/Content/LittleDragons/Materials/Eyes/SpriteEyes/MI_Eye_Cat01.uexp" 1169
"E:/Uni materials (SSD)/Year 3/Final Year Individual Project/NetworkPr/Content/Blueprints/BP_CameraShake.uasset" 1170
"E:/Uni materials (SSD)/Year 3/Final Year Individual Project/NetworkPr/Content/Blueprints/BP_CameraShake.uexp" 1171
"E:/Uni materials (SSD)/Year 3/Final Year Individual Project/NetworkPr/Content/Knife_light/Curve/CT_flare_color.uasset" 1172
"E:/Uni materials (SSD)/Year 3/Final Year Individual Project/NetworkPr/Content/Knife_light/Curve/CT_flare_color.uexp" 1173
"E:/Uni materials (SSD)/Year 3/Final Year Individual Project/NetworkPr/Content/Knife_light/Curve/CT_color.uasset" 1174
"E:/Uni materials (SSD)/Year 3/Final Year Individual Project/NetworkPr/Content/Knife_light/Curve/CT_color.uexp" 1175
"E:/Uni materials (SSD)/Year 3/Final Year Individual Project/NetworkPr/Content/Knife_light/Texture/T_flare.uasset" 1176
"E:/Uni materials (SSD)/Year 3/Final Year Individual Project/NetworkPr/Content/Knife_light/Texture/T_flare.ubulk" 1177
"E:/Uni materials (SSD)/Year 3/Final Year Individual Project/NetworkPr/Content/Knife_light/Texture/T_flare.uexp" 1178
"E:/Uni materials (SSD)/Year 3/Final Year Individual Project/NetworkPr/Content/Knife_light/Materials/Master/M_flare.uasset" 1179
"E:/Uni materials (SSD)/Year 3/Final Year Individual Project/NetworkPr/Content/Knife_light/Materials/Master/M_flare.uexp" 1180
"../../../Engine/Plugins/FX/Niagara/Content/Enums/ENiagaraTorusDistributionMode.uasset" 1181
"../../../Engine/Plugins/FX/Niagara/Content/Enums/ENiagaraTorusDistributionMode.uexp" 1182
"../../../Engine/Plugins/FX/Niagara/Content/Enums/Location/ENiagara_LocationShapes.uasset" 1183
"../../../Engine/Plugins/FX/Niagara/Content/Enums/Location/ENiagara_LocationShapes.uexp" 1184
"../../../Engine/Plugins/FX/Niagara/Content/Enums/Location/ENiagara_CylinderMode.uasset" 1185
"../../../Engine/Plugins/FX/Niagara/Content/Enums/Location/ENiagara_CylinderMode.uexp" 1186
"../../../Engine/Plugins/FX/Niagara/Content/VectorFields/Assets/TilingCurl32.uasset" 1187
"../../../Engine/Plugins/FX/Niagara/Content/VectorFields/Assets/TilingCurl32.uexp" 1188
"../../../Engine/Plugins/FX/Niagara/Content/Enums/ENiagaraCurlNoiseQuality.uasset" 1189
"../../../Engine/Plugins/FX/Niagara/Content/Enums/ENiagaraCurlNoiseQuality.uexp" 1190
"../../../Engine/Plugins/FX/Niagara/Content/VectorFields/Assets/TilingCurl64.uasset" 1191
"../../../Engine/Plugins/FX/Niagara/Content/VectorFields/Assets/TilingCurl64.uexp" 1192
"../../../Engine/Plugins/FX/Niagara/Content/VectorFields/Assets/TilingCurl16.uasset" 1193
"../../../Engine/Plugins/FX/Niagara/Content/VectorFields/Assets/TilingCurl16.uexp" 1194
"E:/Uni materials (SSD)/Year 3/Final Year Individual Project/NetworkPr/Content/Knife_light/Mesh/SM_slash.uasset" 1195
"E:/Uni materials (SSD)/Year 3/Final Year Individual Project/NetworkPr/Content/Knife_light/Mesh/SM_slash.ubulk" 1196
"E:/Uni materials (SSD)/Year 3/Final Year Individual Project/NetworkPr/Content/Knife_light/Mesh/SM_slash.uexp" 1197
"../../../Engine/Plugins/FX/Niagara/Content/Enums/Transforms/ENiagara_ScaleMode.uasset" 1198
"../../../Engine/Plugins/FX/Niagara/Content/Enums/Transforms/ENiagara_ScaleMode.uexp" 1199
"E:/Uni materials (SSD)/Year 3/Final Year Individual Project/NetworkPr/Content/Knife_light/Texture/T_flow.uasset" 1200
"E:/Uni materials (SSD)/Year 3/Final Year Individual Project/NetworkPr/Content/Knife_light/Texture/T_flow.ubulk" 1201
"E:/Uni materials (SSD)/Year 3/Final Year Individual Project/NetworkPr/Content/Knife_light/Texture/T_flow.uexp" 1202
"E:/Uni materials (SSD)/Year 3/Final Year Individual Project/NetworkPr/Content/Knife_light/Texture/T_mid.uasset" 1203
"E:/Uni materials (SSD)/Year 3/Final Year Individual Project/NetworkPr/Content/Knife_light/Texture/T_mid.ubulk" 1204
"E:/Uni materials (SSD)/Year 3/Final Year Individual Project/NetworkPr/Content/Knife_light/Texture/T_mid.uexp" 1205
"E:/Uni materials (SSD)/Year 3/Final Year Individual Project/NetworkPr/Content/Knife_light/Materials/Master/M_excessive.uasset" 1206
"E:/Uni materials (SSD)/Year 3/Final Year Individual Project/NetworkPr/Content/Knife_light/Materials/Master/M_excessive.uexp" 1207
"E:/Uni materials (SSD)/Year 3/Final Year Individual Project/NetworkPr/Content/Knife_light/Materials/Slash02/MI_mid02.uasset" 1208
"E:/Uni materials (SSD)/Year 3/Final Year Individual Project/NetworkPr/Content/Knife_light/Materials/Slash02/MI_mid02.uexp" 1209
"../../../Engine/Plugins/FX/Niagara/Content/Enums/Angles/ENiagara_AngleInput.uasset" 1210
"../../../Engine/Plugins/FX/Niagara/Content/Enums/Angles/ENiagara_AngleInput.uexp" 1211
"../../../Engine/Plugins/FX/Niagara/Content/Enums/Utility/ENiagara_VelocityMode.uasset" 1212
"../../../Engine/Plugins/FX/Niagara/Content/Enums/Utility/ENiagara_VelocityMode.uexp" 1213
"../../../Engine/Plugins/FX/Niagara/Content/Enums/Transforms/ENiagara_RotationMode.uasset" 1214
"../../../Engine/Plugins/FX/Niagara/Content/Enums/Transforms/ENiagara_RotationMode.uexp" 1215
"E:/Uni materials (SSD)/Year 3/Final Year Individual Project/NetworkPr/Content/Knife_light/Texture/T_noise.uasset" 1216
"E:/Uni materials (SSD)/Year 3/Final Year Individual Project/NetworkPr/Content/Knife_light/Texture/T_noise.ubulk" 1217
"E:/Uni materials (SSD)/Year 3/Final Year Individual Project/NetworkPr/Content/Knife_light/Texture/T_noise.uexp" 1218
"E:/Uni materials (SSD)/Year 3/Final Year Individual Project/NetworkPr/Content/Knife_light/Materials/Master/M_residue.uasset" 1219
"E:/Uni materials (SSD)/Year 3/Final Year Individual Project/NetworkPr/Content/Knife_light/Materials/Master/M_residue.uexp" 1220
"E:/Uni materials (SSD)/Year 3/Final Year Individual Project/NetworkPr/Content/Knife_light/Materials/Slash02/MI_out02.uasset" 1221
"E:/Uni materials (SSD)/Year 3/Final Year Individual Project/NetworkPr/Content/Knife_light/Materials/Slash02/MI_out02.uexp" 1222
"../../../Engine/Plugins/FX/Niagara/Content/Enums/Location/ENiagara_ConeMode.uasset" 1223
"../../../Engine/Plugins/FX/Niagara/Content/Enums/Location/ENiagara_ConeMode.uexp" 1224
"E:/Uni materials (SSD)/Year 3/Final Year Individual Project/NetworkPr/Content/Knife_light/Texture/daoguang.uasset" 1225
"E:/Uni materials (SSD)/Year 3/Final Year Individual Project/NetworkPr/Content/Knife_light/Texture/daoguang.ubulk" 1226
"E:/Uni materials (SSD)/Year 3/Final Year Individual Project/NetworkPr/Content/Knife_light/Texture/daoguang.uexp" 1227
"E:/Uni materials (SSD)/Year 3/Final Year Individual Project/NetworkPr/Content/Knife_light/Materials/Master/M_height_light.uasset" 1228
"E:/Uni materials (SSD)/Year 3/Final Year Individual Project/NetworkPr/Content/Knife_light/Materials/Master/M_height_light.uexp" 1229
"E:/Uni materials (SSD)/Year 3/Final Year Individual Project/NetworkPr/Content/Knife_light/Materials/Slash02/MI_height_lighting02.uasset" 1230
"E:/Uni materials (SSD)/Year 3/Final Year Individual Project/NetworkPr/Content/Knife_light/Materials/Slash02/MI_height_lighting02.uexp" 1231
"../../../Engine/Plugins/FX/Niagara/Content/Enums/Transforms/ENiagara_OffsetMode.uasset" 1232
"../../../Engine/Plugins/FX/Niagara/Content/Enums/Transforms/ENiagara_OffsetMode.uexp" 1233
"../../../Engine/Plugins/FX/Niagara/Content/Enums/Location/ENiagara_BoxPlaneMode.uasset" 1234
"../../../Engine/Plugins/FX/Niagara/Content/Enums/Location/ENiagara_BoxPlaneMode.uexp" 1235
"../../../Engine/Plugins/FX/Niagara/Content/Enums/Transforms/ENiagara_TransformOrder.uasset" 1236
"../../../Engine/Plugins/FX/Niagara/Content/Enums/Transforms/ENiagara_TransformOrder.uexp" 1237
"../../../Engine/Plugins/FX/Niagara/Content/Enums/Location/ENiagaraRingDiscMode.uasset" 1238
"../../../Engine/Plugins/FX/Niagara/Content/Enums/Location/ENiagaraRingDiscMode.uexp" 1239
"../../../Engine/Plugins/FX/Niagara/Content/Enums/ENiagaraShapeTorusMode.uasset" 1240
"../../../Engine/Plugins/FX/Niagara/Content/Enums/ENiagaraShapeTorusMode.uexp" 1241
"../../../Engine/Plugins/FX/Niagara/Content/Enums/ENiagaraExpansionMode.uasset" 1242
"../../../Engine/Plugins/FX/Niagara/Content/Enums/ENiagaraExpansionMode.uexp" 1243
"../../../Engine/Plugins/FX/Niagara/Content/Enums/Transforms/ENiagara_TransformType.uasset" 1244
"../../../Engine/Plugins/FX/Niagara/Content/Enums/Transforms/ENiagara_TransformType.uexp" 1245
"E:/Uni materials (SSD)/Year 3/Final Year Individual Project/NetworkPr/Content/Knife_light/VFX/NE_attack02.uasset" 1246
"E:/Uni materials (SSD)/Year 3/Final Year Individual Project/NetworkPr/Content/Knife_light/VFX/NE_attack02.uexp" 1247
"E:/Uni materials (SSD)/Year 3/Final Year Individual Project/NetworkPr/Content/LittleDragons/Meshes/Little_Dragon_Skeleton.uasset" 1248
"E:/Uni materials (SSD)/Year 3/Final Year Individual Project/NetworkPr/Content/LittleDragons/Meshes/Little_Dragon_Skeleton.uexp" 1249
"E:/Uni materials (SSD)/Year 3/Final Year Individual Project/NetworkPr/Content/LittleDragons/Meshes/Little_Dragon_Tiger_Physics.uasset" 1250
"E:/Uni materials (SSD)/Year 3/Final Year Individual Project/NetworkPr/Content/LittleDragons/Meshes/Little_Dragon_Tiger_Physics.uexp" 1251
"E:/Uni materials (SSD)/Year 3/Final Year Individual Project/NetworkPr/Content/LittleDragons/Textures/Little_Dragon_Tiger/Toon/T_Little_Dragon_Tiger_Toon_Orange.uasset" 1252
"E:/Uni materials (SSD)/Year 3/Final Year Individual Project/NetworkPr/Content/LittleDragons/Textures/Little_Dragon_Tiger/Toon/T_Little_Dragon_Tiger_Toon_Orange.ubulk" 1253
"E:/Uni materials (SSD)/Year 3/Final Year Individual Project/NetworkPr/Content/LittleDragons/Textures/Little_Dragon_Tiger/Toon/T_Little_Dragon_Tiger_Toon_Orange.uexp" 1254
"E:/Uni materials (SSD)/Year 3/Final Year Individual Project/NetworkPr/Content/LittleDragons/Materials/Little_Dragon_Tiger/Mat_LDT_Toon.uasset" 1255
"E:/Uni materials (SSD)/Year 3/Final Year Individual Project/NetworkPr/Content/LittleDragons/Materials/Little_Dragon_Tiger/Mat_LDT_Toon.uexp" 1256
"E:/Uni materials (SSD)/Year 3/Final Year Individual Project/NetworkPr/Content/LittleDragons/Textures/Little_Dragon_Tiger/Toon/T_Little_Dragon_Tiger_Toon_Black.uasset" 1257
"E:/Uni materials (SSD)/Year 3/Final Year Individual Project/NetworkPr/Content/LittleDragons/Textures/Little_Dragon_Tiger/Toon/T_Little_Dragon_Tiger_Toon_Black.ubulk" 1258
"E:/Uni materials (SSD)/Year 3/Final Year Individual Project/NetworkPr/Content/LittleDragons/Textures/Little_Dragon_Tiger/Toon/T_Little_Dragon_Tiger_Toon_Black.uexp" 1259
"E:/Uni materials (SSD)/Year 3/Final Year Individual Project/NetworkPr/Content/LittleDragons/Materials/Little_Dragon_Tiger/Toon/MI_TD_Toon_Black.uasset" 1260
"E:/Uni materials (SSD)/Year 3/Final Year Individual Project/NetworkPr/Content/LittleDragons/Materials/Little_Dragon_Tiger/Toon/MI_TD_Toon_Black.uexp" 1261
"E:/Uni materials (SSD)/Year 3/Final Year Individual Project/NetworkPr/Content/LittleDragons/Meshes/SK_Little_Dragon_Tiger_Toon.uasset" 1262
"E:/Uni materials (SSD)/Year 3/Final Year Individual Project/NetworkPr/Content/LittleDragons/Meshes/SK_Little_Dragon_Tiger_Toon.uexp" 1263
"E:/Uni materials (SSD)/Year 3/Final Year Individual Project/NetworkPr/Content/ThirdPerson/Input/Actions/IA_Attack.uasset" 1264
"E:/Uni materials (SSD)/Year 3/Final Year Individual Project/NetworkPr/Content/ThirdPerson/Input/Actions/IA_Attack.uexp" 1265
"E:/Uni materials (SSD)/Year 3/Final Year Individual Project/NetworkPr/Content/Assets/Materials/M_Hit.uasset" 1266
"E:/Uni materials (SSD)/Year 3/Final Year Individual Project/NetworkPr/Content/Assets/Materials/M_Hit.uexp" 1267
"../../../Engine/Plugins/Animation/ACLPlugin/Content/ACLAnimBoneCompressionSettings.uasset" 1268
"../../../Engine/Plugins/Animation/ACLPlugin/Content/ACLAnimBoneCompressionSettings.uexp" 1269
"../../../Engine/Content/Animation/DefaultVariableFrameStrippingSettings.uasset" 1270
"../../../Engine/Content/Animation/DefaultVariableFrameStrippingSettings.uexp" 1271
"../../../Engine/Plugins/Animation/ACLPlugin/Content/ACLAnimCurveCompressionSettings.uasset" 1272
"../../../Engine/Plugins/Animation/ACLPlugin/Content/ACLAnimCurveCompressionSettings.uexp" 1273
"E:/Uni materials (SSD)/Year 3/Final Year Individual Project/NetworkPr/Content/LittleDragons/Animations/In_Place/LD_IP_Fly_Land.uasset" 1274
"E:/Uni materials (SSD)/Year 3/Final Year Individual Project/NetworkPr/Content/LittleDragons/Animations/In_Place/LD_IP_Fly_Land.uexp" 1275
"E:/Uni materials (SSD)/Year 3/Final Year Individual Project/NetworkPr/Content/LittleDragons/Animations/In_Place/LD_IP_Jump_Forward.uasset" 1276
"E:/Uni materials (SSD)/Year 3/Final Year Individual Project/NetworkPr/Content/LittleDragons/Animations/In_Place/LD_IP_Jump_Forward.uexp" 1277
"E:/Uni materials (SSD)/Year 3/Final Year Individual Project/NetworkPr/Content/LittleDragons/Animations/Common/LD_C_Fall_Low.uasset" 1278
"E:/Uni materials (SSD)/Year 3/Final Year Individual Project/NetworkPr/Content/LittleDragons/Animations/Common/LD_C_Fall_Low.uexp" 1279
"E:/Uni materials (SSD)/Year 3/Final Year Individual Project/NetworkPr/Content/Characters/Mannequins/Meshes/SK_Mannequin.uasset" 1280
"E:/Uni materials (SSD)/Year 3/Final Year Individual Project/NetworkPr/Content/Characters/Mannequins/Meshes/SK_Mannequin.uexp" 1281
"../../../Engine/Plugins/Animation/ControlRig/Content/Controls/DefaultGizmoLibrary.uasset" 1282
"../../../Engine/Plugins/Animation/ControlRig/Content/Controls/DefaultGizmoLibrary.uexp" 1283
"E:/Uni materials (SSD)/Year 3/Final Year Individual Project/NetworkPr/Content/Characters/Mannequins/Rigs/CR_Mannequin_BasicFootIK.uasset" 1284
"E:/Uni materials (SSD)/Year 3/Final Year Individual Project/NetworkPr/Content/Characters/Mannequins/Rigs/CR_Mannequin_BasicFootIK.uexp" 1285
"E:/Uni materials (SSD)/Year 3/Final Year Individual Project/NetworkPr/Content/LittleDragons/Animations/Common/LD_C_Idle.uasset" 1286
"E:/Uni materials (SSD)/Year 3/Final Year Individual Project/NetworkPr/Content/LittleDragons/Animations/Common/LD_C_Idle.uexp" 1287
"E:/Uni materials (SSD)/Year 3/Final Year Individual Project/NetworkPr/Content/LittleDragons/Animations/In_Place/LD_IP_Walk_Forward.uasset" 1288
"E:/Uni materials (SSD)/Year 3/Final Year Individual Project/NetworkPr/Content/LittleDragons/Animations/In_Place/LD_IP_Walk_Forward.uexp" 1289
"E:/Uni materials (SSD)/Year 3/Final Year Individual Project/NetworkPr/Content/LittleDragons/Animations/In_Place/LD_IP_Run_Forward.uasset" 1290
"E:/Uni materials (SSD)/Year 3/Final Year Individual Project/NetworkPr/Content/LittleDragons/Animations/In_Place/LD_IP_Run_Forward.uexp" 1291
"E:/Uni materials (SSD)/Year 3/Final Year Individual Project/NetworkPr/Content/Characters/Mannequins/Animations/Manny/BS_MM_WalkRun.uasset" 1292
"E:/Uni materials (SSD)/Year 3/Final Year Individual Project/NetworkPr/Content/Characters/Mannequins/Animations/Manny/BS_MM_WalkRun.uexp" 1293
"E:/Uni materials (SSD)/Year 3/Final Year Individual Project/NetworkPr/Content/Characters/Mannequins/Animations/ABP_Manny.uasset" 1294
"E:/Uni materials (SSD)/Year 3/Final Year Individual Project/NetworkPr/Content/Characters/Mannequins/Animations/ABP_Manny.uexp" 1295
"E:/Uni materials (SSD)/Year 3/Final Year Individual Project/NetworkPr/Content/ThirdPerson/Input/Actions/IA_Jump.uasset" 1296
"E:/Uni materials (SSD)/Year 3/Final Year Individual Project/NetworkPr/Content/ThirdPerson/Input/Actions/IA_Jump.uexp" 1297
"E:/Uni materials (SSD)/Year 3/Final Year Individual Project/NetworkPr/Content/ThirdPerson/Input/Actions/IA_Look.uasset" 1298
"E:/Uni materials (SSD)/Year 3/Final Year Individual Project/NetworkPr/Content/ThirdPerson/Input/Actions/IA_Look.uexp" 1299
"E:/Uni materials (SSD)/Year 3/Final Year Individual Project/NetworkPr/Content/ThirdPerson/Input/Actions/IA_Move.uasset" 1300
"E:/Uni materials (SSD)/Year 3/Final Year Individual Project/NetworkPr/Content/ThirdPerson/Input/Actions/IA_Move.uexp" 1301
"E:/Uni materials (SSD)/Year 3/Final Year Individual Project/NetworkPr/Content/ThirdPerson/Input/IMC_Default.uasset" 1302
"E:/Uni materials (SSD)/Year 3/Final Year Individual Project/NetworkPr/Content/ThirdPerson/Input/IMC_Default.uexp" 1303
"E:/Uni materials (SSD)/Year 3/Final Year Individual Project/NetworkPr/Content/LittleDragons/Animations/Common/LD_C_AttackPaw_Right.uasset" 1304
"E:/Uni materials (SSD)/Year 3/Final Year Individual Project/NetworkPr/Content/LittleDragons/Animations/Common/LD_C_AttackPaw_Right.uexp" 1305
"E:/Uni materials (SSD)/Year 3/Final Year Individual Project/NetworkPr/Content/LittleDragons/Animations/Common/AM_AttackPaw_.uasset" 1306
"E:/Uni materials (SSD)/Year 3/Final Year Individual Project/NetworkPr/Content/LittleDragons/Animations/Common/AM_AttackPaw_.uexp" 1307
"E:/Uni materials (SSD)/Year 3/Final Year Individual Project/NetworkPr/Content/LittleDragons/Textures/Little_Dragon_Tiger/Toon/T_Little_Dragon_Tiger_Toon_Green.uasset" 1308
"E:/Uni materials (SSD)/Year 3/Final Year Individual Project/NetworkPr/Content/LittleDragons/Textures/Little_Dragon_Tiger/Toon/T_Little_Dragon_Tiger_Toon_Green.ubulk" 1309
"E:/Uni materials (SSD)/Year 3/Final Year Individual Project/NetworkPr/Content/LittleDragons/Textures/Little_Dragon_Tiger/Toon/T_Little_Dragon_Tiger_Toon_Green.uexp" 1310
"E:/Uni materials (SSD)/Year 3/Final Year Individual Project/NetworkPr/Content/LittleDragons/Materials/Little_Dragon_Tiger/Toon/MI_TD_Toon_Green.uasset" 1311
"E:/Uni materials (SSD)/Year 3/Final Year Individual Project/NetworkPr/Content/LittleDragons/Materials/Little_Dragon_Tiger/Toon/MI_TD_Toon_Green.uexp" 1312
"E:/Uni materials (SSD)/Year 3/Final Year Individual Project/NetworkPr/Content/Blueprints/BP_ThirdPersonCharacter.uasset" 1313
"E:/Uni materials (SSD)/Year 3/Final Year Individual Project/NetworkPr/Content/Blueprints/BP_ThirdPersonCharacter.uexp" 1314
"E:/Uni materials (SSD)/Year 3/Final Year Individual Project/NetworkPr/Content/UI/Arena/health-bar-advanced.uasset" 1315
"E:/Uni materials (SSD)/Year 3/Final Year Individual Project/NetworkPr/Content/UI/Arena/health-bar-advanced.uexp" 1316
"../../../Engine/Content/EngineFonts/Faces/RobotoTiny.uasset" 1317
"../../../Engine/Content/EngineFonts/Faces/RobotoTiny.ufont" 1318
"../../../Engine/Content/EngineFonts/Faces/RobotoTiny.uexp" 1319
"../../../Engine/Content/EngineFonts/RobotoTiny.uasset" 1320
"../../../Engine/Content/EngineFonts/RobotoTiny.uexp" 1321
"E:/Uni materials (SSD)/Year 3/Final Year Individual Project/NetworkPr/Content/UI/Arena/Dragon2.uasset" 1322
"E:/Uni materials (SSD)/Year 3/Final Year Individual Project/NetworkPr/Content/UI/Arena/Dragon2.uexp" 1323
"E:/Uni materials (SSD)/Year 3/Final Year Individual Project/NetworkPr/Content/UI/Arena/Dragon1.uasset" 1324
"E:/Uni materials (SSD)/Year 3/Final Year Individual Project/NetworkPr/Content/UI/Arena/Dragon1.uexp" 1325
"E:/Uni materials (SSD)/Year 3/Final Year Individual Project/NetworkPr/Content/UI/Arena/health-bar-advanced_empty.uasset" 1326
"E:/Uni materials (SSD)/Year 3/Final Year Individual Project/NetworkPr/Content/UI/Arena/health-bar-advanced_empty.uexp" 1327
"E:/Uni materials (SSD)/Year 3/Final Year Individual Project/NetworkPr/Content/UI/Arena/WBP_Arena.uasset" 1328
"E:/Uni materials (SSD)/Year 3/Final Year Individual Project/NetworkPr/Content/UI/Arena/WBP_Arena.uexp" 1329
"E:/Uni materials (SSD)/Year 3/Final Year Individual Project/NetworkPr/Content/GameModes/PC_ArcadePlayerController.uasset" 1330
"E:/Uni materials (SSD)/Year 3/Final Year Individual Project/NetworkPr/Content/GameModes/PC_ArcadePlayerController.uexp" 1331
"E:/Uni materials (SSD)/Year 3/Final Year Individual Project/NetworkPr/Content/GameModes/GM_ArcadeGameMode.uasset" 1332
"E:/Uni materials (SSD)/Year 3/Final Year Individual Project/NetworkPr/Content/GameModes/GM_ArcadeGameMode.uexp" 1333
"E:/Uni materials (SSD)/Year 3/Final Year Individual Project/NetworkPr/Content/Scenes/ThirdPersonMap.umap" 1334
"E:/Uni materials (SSD)/Year 3/Final Year Individual Project/NetworkPr/Content/Scenes/ThirdPersonMap.uexp" 1335
"E:/Uni materials (SSD)/Year 3/Final Year Individual Project/NetworkPr/Content/UI/MainMenu/WBP_MainMenu.uasset" 1336
"E:/Uni materials (SSD)/Year 3/Final Year Individual Project/NetworkPr/Content/UI/MainMenu/WBP_MainMenu.uexp" 1337
"E:/Uni materials (SSD)/Year 3/Final Year Individual Project/NetworkPr/Content/GameModes/GM_MainMenu.uasset" 1338
"E:/Uni materials (SSD)/Year 3/Final Year Individual Project/NetworkPr/Content/GameModes/GM_MainMenu.uexp" 1339
"E:/Uni materials (SSD)/Year 3/Final Year Individual Project/NetworkPr/Content/Scenes/MainMenu.umap" 1340
"E:/Uni materials (SSD)/Year 3/Final Year Individual Project/NetworkPr/Content/Scenes/MainMenu.uexp" 1341
"../../../Engine/Content/Maps/Entry_BuiltData.uasset" 1342
"../../../Engine/Content/Maps/Entry_BuiltData.uexp" 1343
"../../../Engine/Content/Maps/Entry.umap" 1344
"../../../Engine/Content/Maps/Entry.uexp" 1345
